"../../../Engine/Content/EditorResources/S_Actor.ubulk" 0
"../../../Engine/Content/EditorResources/S_Actor.uasset" 1
"../../../Engine/Content/EditorResources/S_Actor.uexp" 2
"../../../Engine/Content/EditorResources/S_BoxReflectionCapture.uasset" 3
"../../../Engine/Content/EditorResources/S_BoxReflectionCapture.uexp" 4
"../../../Engine/Content/EngineResources/DefaultTexture.ubulk" 5
"../../../Engine/Content/EngineResources/DefaultTexture.uasset" 6
"../../../Engine/Content/EngineResources/DefaultTexture.uexp" 7
"../../../Engine/Content/EngineResources/DefaultTextureCube.uasset" 8
"../../../Engine/Content/EngineResources/DefaultTextureCube.uexp" 9
"../../../Engine/Content/EngineResources/DefaultVolumeTexture2D.uasset" 10
"../../../Engine/Content/EngineResources/DefaultVolumeTexture2D.uexp" 11
"../../../Engine/Content/EngineResources/DefaultVolumeTexture.uasset" 12
"../../../Engine/Content/EngineResources/DefaultVolumeTexture.uexp" 13
"../../../Engine/Content/EditorResources/S_Trigger.ubulk" 14
"../../../Engine/Content/EditorResources/S_Trigger.uasset" 15
"../../../Engine/Content/EditorResources/S_Trigger.uexp" 16
"../../../Engine/Content/EditorResources/S_TriggerBox.uasset" 17
"../../../Engine/Content/EditorResources/S_TriggerBox.uexp" 18
"../../../Engine/Content/EditorResources/S_TriggerCapsule.uasset" 19
"../../../Engine/Content/EditorResources/S_TriggerCapsule.uexp" 20
"../../../Engine/Content/EditorResources/S_TriggerSphere.uasset" 21
"../../../Engine/Content/EditorResources/S_TriggerSphere.uexp" 22
"../../../Engine/Content/EngineMeshes/Sphere.ubulk" 23
"../../../Engine/Content/EngineMeshes/Sphere.uasset" 24
"../../../Engine/Content/EngineMeshes/Sphere.uexp" 25
"../../../Engine/Content/EngineResources/GradientTexture0.uasset" 26
"../../../Engine/Content/EngineResources/GradientTexture0.uexp" 27
"../../../Engine/Content/EngineResources/Black.uasset" 28
"../../../Engine/Content/EngineResources/Black.uexp" 29
"../../../Engine/Content/VREditor/LaserPointer/VR_LaserPower_01.ubulk" 30
"../../../Engine/Content/VREditor/LaserPointer/VR_LaserPower_01.uasset" 31
"../../../Engine/Content/VREditor/LaserPointer/VR_LaserPower_01.uexp" 32
"../../../Engine/Content/VREditor/TransformGizmo/TransformGizmoMaterial.uasset" 33
"../../../Engine/Content/VREditor/TransformGizmo/TransformGizmoMaterial.uexp" 34
"../../../Engine/Content/VREditor/TransformGizmo/TranslucentTransformGizmoMaterial.uasset" 35
"../../../Engine/Content/VREditor/TransformGizmo/TranslucentTransformGizmoMaterial.uexp" 36
"../../../Engine/Content/VREditor/TransformGizmo/BoundingBoxCorner.ubulk" 37
"../../../Engine/Content/VREditor/TransformGizmo/BoundingBoxCorner.uasset" 38
"../../../Engine/Content/VREditor/TransformGizmo/BoundingBoxCorner.uexp" 39
"../../../Engine/Content/VREditor/TransformGizmo/BoundingBoxEdge.ubulk" 40
"../../../Engine/Content/VREditor/TransformGizmo/BoundingBoxEdge.uasset" 41
"../../../Engine/Content/VREditor/TransformGizmo/BoundingBoxEdge.uexp" 42
"../../../Engine/Content/VREditor/TransformGizmo/Main.uasset" 43
"../../../Engine/Content/VREditor/TransformGizmo/Main.uexp" 44
"../../../Engine/Content/VREditor/TransformGizmo/Xray.uasset" 45
"../../../Engine/Content/VREditor/TransformGizmo/Xray.uexp" 46
"../../../Engine/Content/VREditor/TransformGizmo/SM_Sequencer_Node.ubulk" 47
"../../../Engine/Content/VREditor/TransformGizmo/SM_Sequencer_Node.uasset" 48
"../../../Engine/Content/VREditor/TransformGizmo/SM_Sequencer_Node.uexp" 49
"../../../Engine/Content/EditorResources/S_Solver.ubulk" 50
"../../../Engine/Content/EditorResources/S_Solver.uasset" 51
"../../../Engine/Content/EditorResources/S_Solver.uexp" 52
"../../../Engine/Content/EditorMaterials/Camera/CineMat.uasset" 53
"../../../Engine/Content/EditorMaterials/Camera/CineMat.uexp" 54
"../../../Engine/Content/EditorMaterials/Camera/MI_CineMat_Rig.uasset" 55
"../../../Engine/Content/EditorMaterials/Camera/MI_CineMat_Rig.uexp" 56
"../../../Engine/Content/EditorMeshes/Camera/SM_CraneRig_Base.ubulk" 57
"../../../Engine/Content/EditorMeshes/Camera/SM_CraneRig_Base.uasset" 58
"../../../Engine/Content/EditorMeshes/Camera/SM_CraneRig_Base.uexp" 59
"../../../Engine/Content/EditorMeshes/Camera/SM_CraneRig_Arm.ubulk" 60
"../../../Engine/Content/EditorMeshes/Camera/SM_CraneRig_Arm.uasset" 61
"../../../Engine/Content/EditorMeshes/Camera/SM_CraneRig_Arm.uexp" 62
"../../../Engine/Content/EditorMeshes/Camera/SM_CraneRig_Mount.ubulk" 63
"../../../Engine/Content/EditorMeshes/Camera/SM_CraneRig_Mount.uasset" 64
"../../../Engine/Content/EditorMeshes/Camera/SM_CraneRig_Mount.uexp" 65
"../../../Engine/Content/EditorMeshes/Camera/SM_CraneRig_Body.ubulk" 66
"../../../Engine/Content/EditorMeshes/Camera/SM_CraneRig_Body.uasset" 67
"../../../Engine/Content/EditorMeshes/Camera/SM_CraneRig_Body.uexp" 68
"../../../Engine/Content/EditorMeshes/Camera/SM_RailRig_Track.ubulk" 69
"../../../Engine/Content/EditorMeshes/Camera/SM_RailRig_Track.uasset" 70
"../../../Engine/Content/EditorMeshes/Camera/SM_RailRig_Track.uexp" 71
"../../../Engine/Content/EditorMeshes/Camera/SM_RailRig_Mount.ubulk" 72
"../../../Engine/Content/EditorMeshes/Camera/SM_RailRig_Mount.uasset" 73
"../../../Engine/Content/EditorMeshes/Camera/SM_RailRig_Mount.uexp" 74
"../../../Engine/Content/EngineMaterials/T_Default_Material_Grid_M.ubulk" 75
"../../../Engine/Content/EngineMaterials/T_Default_Material_Grid_M.uasset" 76
"../../../Engine/Content/EngineMaterials/T_Default_Material_Grid_M.uexp" 77
"../../../Engine/Content/EngineMaterials/T_Default_Material_Grid_N.ubulk" 78
"../../../Engine/Content/EngineMaterials/T_Default_Material_Grid_N.uasset" 79
"../../../Engine/Content/EngineMaterials/T_Default_Material_Grid_N.uexp" 80
"../../../Engine/Content/Functions/Engine_MaterialFunctions01/Opacity/CameraDepthFade.uasset" 81
"../../../Engine/Content/Functions/Engine_MaterialFunctions01/Opacity/CameraDepthFade.uexp" 82
"../../../Engine/Content/EngineMaterials/WorldGridMaterial.uasset" 83
"../../../Engine/Content/EngineMaterials/WorldGridMaterial.uexp" 84
"../../../Engine/Content/ArtTools/RenderToTexture/Meshes/S_1_Unit_Plane.ubulk" 85
"../../../Engine/Content/ArtTools/RenderToTexture/Meshes/S_1_Unit_Plane.uasset" 86
"../../../Engine/Content/ArtTools/RenderToTexture/Meshes/S_1_Unit_Plane.uexp" 87
"../../../Engine/Content/EditorMaterials/ParticleSystems/PSysThumbnail_NoImage.ubulk" 88
"../../../Engine/Content/EditorMaterials/ParticleSystems/PSysThumbnail_NoImage.uasset" 89
"../../../Engine/Content/EditorMaterials/ParticleSystems/PSysThumbnail_NoImage.uexp" 90
"../../../Engine/Content/EditorMaterials/ParticleSystems/PSysThumbnail_OOD.ubulk" 91
"../../../Engine/Content/EditorMaterials/ParticleSystems/PSysThumbnail_OOD.uasset" 92
"../../../Engine/Content/EditorMaterials/ParticleSystems/PSysThumbnail_OOD.uexp" 93
"../../../Engine/Content/EditorLandscapeResources/SplineEditorMeshMat.uasset" 94
"../../../Engine/Content/EditorLandscapeResources/SplineEditorMeshMat.uexp" 95
"../../../Engine/Content/EditorLandscapeResources/SplineEditorMesh.ubulk" 96
"../../../Engine/Content/EditorLandscapeResources/SplineEditorMesh.uasset" 97
"../../../Engine/Content/EditorLandscapeResources/SplineEditorMesh.uexp" 98
"../../../Engine/Plugins/Media/MediaPlate/Content/SM_MediaPlateScreen.ubulk" 99
"../../../Engine/Plugins/Media/MediaPlate/Content/SM_MediaPlateScreen.uasset" 100
"../../../Engine/Plugins/Media/MediaPlate/Content/SM_MediaPlateScreen.uexp" 101
"../../../Engine/Content/EngineMaterials/DefaultBokeh.uasset" 102
"../../../Engine/Content/EngineMaterials/DefaultBokeh.uexp" 103
"../../../Engine/Content/EngineMaterials/MiniFont.uasset" 104
"../../../Engine/Content/EngineMaterials/MiniFont.uexp" 105
"../../../Engine/Content/EngineMaterials/WeightMapPlaceholderTexture.uasset" 106
"../../../Engine/Content/EngineMaterials/WeightMapPlaceholderTexture.uexp" 107
"../../../Engine/Content/EngineMaterials/WeightMapArrayPlaceholderTexture.uasset" 108
"../../../Engine/Content/EngineMaterials/WeightMapArrayPlaceholderTexture.uexp" 109
"../../../Engine/Content/EngineMaterials/DefaultWhiteGrid.ubulk" 110
"../../../Engine/Content/EngineMaterials/DefaultWhiteGrid.uasset" 111
"../../../Engine/Content/EngineMaterials/DefaultWhiteGrid.uexp" 112
"../../../Engine/Content/EngineMaterials/PreintegratedSkinBRDF.uasset" 113
"../../../Engine/Content/EngineMaterials/PreintegratedSkinBRDF.uexp" 114
"C:/Users/d3mon/Documents/1IMPORTANT/University Work/Game Jams/Devtober_2024/GameSmithsDevtober24/Content/WallMats/CrustyWall.uasset" 115
"C:/Users/d3mon/Documents/1IMPORTANT/University Work/Game Jams/Devtober_2024/GameSmithsDevtober24/Content/WallMats/CrustyWall.uexp" 116
"../../../Engine/Content/EngineMaterials/DefaultDiffuse.ubulk" 117
"../../../Engine/Content/EngineMaterials/DefaultDiffuse.uasset" 118
"../../../Engine/Content/EngineMaterials/DefaultDiffuse.uexp" 119
"C:/Users/d3mon/Documents/1IMPORTANT/University Work/Game Jams/Devtober_2024/GameSmithsDevtober24/Content/WallMats/Concrete.uasset" 120
"C:/Users/d3mon/Documents/1IMPORTANT/University Work/Game Jams/Devtober_2024/GameSmithsDevtober24/Content/WallMats/Concrete.uexp" 121
"../../../Engine/Content/Functions/Engine_MaterialFunctions01/Gradient/LinearGradient.uasset" 122
"../../../Engine/Content/Functions/Engine_MaterialFunctions01/Gradient/LinearGradient.uexp" 123
"../../../Engine/Content/Functions/Engine_MaterialFunctions01/ImageAdjustment/CheapContrast.uasset" 124
"../../../Engine/Content/Functions/Engine_MaterialFunctions01/ImageAdjustment/CheapContrast.uexp" 125
"../../../Engine/Content/Functions/Engine_MaterialFunctions01/Texturing/WorldAlignedTexture.uasset" 126
"../../../Engine/Content/Functions/Engine_MaterialFunctions01/Texturing/WorldAlignedTexture.uexp" 127
"C:/Users/d3mon/Documents/1IMPORTANT/University Work/Game Jams/Devtober_2024/GameSmithsDevtober24/Content/WallMats/M_WorldAlignedTemplate.uasset" 128
"C:/Users/d3mon/Documents/1IMPORTANT/University Work/Game Jams/Devtober_2024/GameSmithsDevtober24/Content/WallMats/M_WorldAlignedTemplate.uexp" 129
"C:/Users/d3mon/Documents/1IMPORTANT/University Work/Game Jams/Devtober_2024/GameSmithsDevtober24/Content/WallMats/CrustyWallWorldMat.uasset" 130
"C:/Users/d3mon/Documents/1IMPORTANT/University Work/Game Jams/Devtober_2024/GameSmithsDevtober24/Content/WallMats/CrustyWallWorldMat.uexp" 131
"C:/Users/d3mon/Documents/1IMPORTANT/University Work/Game Jams/Devtober_2024/GameSmithsDevtober24/Content/WallMats/Brick.uasset" 132
"C:/Users/d3mon/Documents/1IMPORTANT/University Work/Game Jams/Devtober_2024/GameSmithsDevtober24/Content/WallMats/Brick.uexp" 133
"C:/Users/d3mon/Documents/1IMPORTANT/University Work/Game Jams/Devtober_2024/GameSmithsDevtober24/Content/WallMats/Brick_Mat.uasset" 134
"C:/Users/d3mon/Documents/1IMPORTANT/University Work/Game Jams/Devtober_2024/GameSmithsDevtober24/Content/WallMats/Brick_Mat.uexp" 135
"C:/Users/d3mon/Documents/1IMPORTANT/University Work/Game Jams/Devtober_2024/GameSmithsDevtober24/Content/TouchPads/M_TouchPadTemplate.uasset" 136
"C:/Users/d3mon/Documents/1IMPORTANT/University Work/Game Jams/Devtober_2024/GameSmithsDevtober24/Content/TouchPads/M_TouchPadTemplate.uexp" 137
"C:/Users/d3mon/Documents/1IMPORTANT/University Work/Game Jams/Devtober_2024/GameSmithsDevtober24/Content/Splash/Splash.ubulk" 138
"C:/Users/d3mon/Documents/1IMPORTANT/University Work/Game Jams/Devtober_2024/GameSmithsDevtober24/Content/Splash/Splash.uasset" 139
"C:/Users/d3mon/Documents/1IMPORTANT/University Work/Game Jams/Devtober_2024/GameSmithsDevtober24/Content/Splash/Splash.uexp" 140
"C:/Users/d3mon/Documents/1IMPORTANT/University Work/Game Jams/Devtober_2024/GameSmithsDevtober24/Content/Splash/EdSplash.ubulk" 141
"C:/Users/d3mon/Documents/1IMPORTANT/University Work/Game Jams/Devtober_2024/GameSmithsDevtober24/Content/Splash/EdSplash.uasset" 142
"C:/Users/d3mon/Documents/1IMPORTANT/University Work/Game Jams/Devtober_2024/GameSmithsDevtober24/Content/Splash/EdSplash.uexp" 143
"../../../Engine/Plugins/FX/Niagara/Content/DefaultAssets/DefaultSpriteMaterial.uasset" 144
"../../../Engine/Plugins/FX/Niagara/Content/DefaultAssets/DefaultSpriteMaterial.uexp" 145
"C:/Users/d3mon/Documents/1IMPORTANT/University Work/Game Jams/Devtober_2024/GameSmithsDevtober24/Content/DevAsset/checkerboard_128_uv_alignment.ubulk" 146
"C:/Users/d3mon/Documents/1IMPORTANT/University Work/Game Jams/Devtober_2024/GameSmithsDevtober24/Content/DevAsset/checkerboard_128_uv_alignment.uasset" 147
"C:/Users/d3mon/Documents/1IMPORTANT/University Work/Game Jams/Devtober_2024/GameSmithsDevtober24/Content/DevAsset/checkerboard_128_uv_alignment.uexp" 148
"C:/Users/d3mon/Documents/1IMPORTANT/University Work/Game Jams/Devtober_2024/GameSmithsDevtober24/Content/Data/S_AnimationType.uasset" 149
"C:/Users/d3mon/Documents/1IMPORTANT/University Work/Game Jams/Devtober_2024/GameSmithsDevtober24/Content/Data/S_AnimationType.uexp" 150
"../../../Engine/Plugins/Runtime/MeshModelingToolset/Content/Materials/M_DynamicMeshComponentVtxColor.uasset" 151
"../../../Engine/Plugins/Runtime/MeshModelingToolset/Content/Materials/M_DynamicMeshComponentVtxColor.uexp" 152
"../../../Engine/Plugins/Interchange/Runtime/Content/Pipelines/DefaultTexturePipeline.uasset" 153
"../../../Engine/Plugins/Interchange/Runtime/Content/Pipelines/DefaultTexturePipeline.uexp" 154
"../../../Engine/Plugins/Interchange/Runtime/Content/Pipelines/DefaultSceneLevelPipeline.uasset" 155
"../../../Engine/Plugins/Interchange/Runtime/Content/Pipelines/DefaultSceneLevelPipeline.uexp" 156
"../../../Engine/Plugins/Interchange/Runtime/Content/Pipelines/DefaultSceneAssetsPipeline.uasset" 157
"../../../Engine/Plugins/Interchange/Runtime/Content/Pipelines/DefaultSceneAssetsPipeline.uexp" 158
"../../../Engine/Plugins/Interchange/Runtime/Content/Pipelines/DefaultMaterialXPipeline.uasset" 159
"../../../Engine/Plugins/Interchange/Runtime/Content/Pipelines/DefaultMaterialXPipeline.uexp" 160
"../../../Engine/Plugins/Interchange/Runtime/Content/Pipelines/DefaultMaterialPipeline.uasset" 161
"../../../Engine/Plugins/Interchange/Runtime/Content/Pipelines/DefaultMaterialPipeline.uexp" 162
"../../../Engine/Plugins/Interchange/Runtime/Content/Pipelines/DefaultGLTFSceneAssetsPipeline.uasset" 163
"../../../Engine/Plugins/Interchange/Runtime/Content/Pipelines/DefaultGLTFSceneAssetsPipeline.uexp" 164
"../../../Engine/Plugins/Interchange/Runtime/Content/Pipelines/DefaultGLTFPipeline.uasset" 165
"../../../Engine/Plugins/Interchange/Runtime/Content/Pipelines/DefaultGLTFPipeline.uexp" 166
"../../../Engine/Plugins/Interchange/Runtime/Content/Pipelines/DefaultGLTFAssetsPipeline.uasset" 167
"../../../Engine/Plugins/Interchange/Runtime/Content/Pipelines/DefaultGLTFAssetsPipeline.uexp" 168
"../../../Engine/Plugins/Interchange/Runtime/Content/Pipelines/DefaultAssetsPipeline.uasset" 169
"../../../Engine/Plugins/Interchange/Runtime/Content/Pipelines/DefaultAssetsPipeline.uexp" 170
"../../../Engine/Plugins/Interchange/Runtime/Content/Functions/MX_UsdPreviewSurface.uasset" 171
"../../../Engine/Plugins/Interchange/Runtime/Content/Functions/MX_UsdPreviewSurface.uexp" 172
"../../../Engine/Plugins/Interchange/Runtime/Content/Functions/MX_UniformEDF.uasset" 173
"../../../Engine/Plugins/Interchange/Runtime/Content/Functions/MX_UniformEDF.uexp" 174
"../../../Engine/Plugins/Interchange/Runtime/Content/Functions/MX_TranslucentBSDF.uasset" 175
"../../../Engine/Plugins/Interchange/Runtime/Content/Functions/MX_TranslucentBSDF.uexp" 176
"../../../Engine/Plugins/Interchange/Runtime/Content/Functions/MX_ThinFilmBSDF.uasset" 177
"../../../Engine/Plugins/Interchange/Runtime/Content/Functions/MX_ThinFilmBSDF.uexp" 178
"../../../Engine/Plugins/Interchange/Runtime/Content/Functions/MX_SurfaceUnlit.uasset" 179
"../../../Engine/Plugins/Interchange/Runtime/Content/Functions/MX_SurfaceUnlit.uexp" 180
"../../../Engine/Plugins/Interchange/Runtime/Content/Functions/MX_Surface.uasset" 181
"../../../Engine/Plugins/Interchange/Runtime/Content/Functions/MX_Surface.uexp" 182
"../../../Engine/Plugins/Interchange/Runtime/Content/Functions/MX_SubsurfaceBSDF.uasset" 183
"../../../Engine/Plugins/Interchange/Runtime/Content/Functions/MX_SubsurfaceBSDF.uexp" 184
"../../../Engine/Plugins/Interchange/Runtime/Content/Functions/MX_SheenBSDF.uasset" 185
"../../../Engine/Plugins/Interchange/Runtime/Content/Functions/MX_SheenBSDF.uexp" 186
"../../../Engine/Plugins/Interchange/Runtime/Content/Functions/MX_OrenNayarBSDF.uasset" 187
"../../../Engine/Plugins/Interchange/Runtime/Content/Functions/MX_OrenNayarBSDF.uexp" 188
"../../../Engine/Content/Functions/Engine_MaterialFunctions02/Utility/CameraDirectionVector.uasset" 189
"../../../Engine/Content/Functions/Engine_MaterialFunctions02/Utility/CameraDirectionVector.uexp" 190
"../../../Engine/Content/Functions/Engine_MaterialFunctions01/Volumetrics/BeersLaw.uasset" 191
"../../../Engine/Content/Functions/Engine_MaterialFunctions01/Volumetrics/BeersLaw.uexp" 192
"../../../Engine/Content/EngineMaterials/Good64x64TilingNoiseHighFreq.uasset" 193
"../../../Engine/Content/EngineMaterials/Good64x64TilingNoiseHighFreq.uexp" 194
"../../../Engine/Content/Functions/Engine_MaterialFunctions02/Texturing/ScreenAlignedPixelToPixelUVs.uasset" 195
"../../../Engine/Content/Functions/Engine_MaterialFunctions02/Texturing/ScreenAlignedPixelToPixelUVs.uexp" 196
"../../../Engine/Plugins/Interchange/Runtime/Content/gltf/MaterialFunctions/MF_Temporal_Blur.uasset" 197
"../../../Engine/Plugins/Interchange/Runtime/Content/gltf/MaterialFunctions/MF_Temporal_Blur.uexp" 198
"../../../Engine/Plugins/Interchange/Runtime/Content/gltf/MaterialFunctions/MF_Fresnel_DS.uasset" 199
"../../../Engine/Plugins/Interchange/Runtime/Content/gltf/MaterialFunctions/MF_Fresnel_DS.uexp" 200
"../../../Engine/Content/Functions/Engine_MaterialFunctions02/Utility/BreakOutFloat3Components.uasset" 201
"../../../Engine/Content/Functions/Engine_MaterialFunctions02/Utility/BreakOutFloat3Components.uexp" 202
"../../../Engine/Plugins/Interchange/Runtime/Content/Functions/MX_Transmission.uasset" 203
"../../../Engine/Plugins/Interchange/Runtime/Content/Functions/MX_Transmission.uexp" 204
"../../../Engine/Plugins/Interchange/Runtime/Content/Functions/MF_OrenNayerView.uasset" 205
"../../../Engine/Plugins/Interchange/Runtime/Content/Functions/MF_OrenNayerView.uexp" 206
"../../../Engine/Plugins/Interchange/Runtime/Content/Functions/MF_SchlickApprox.uasset" 207
"../../../Engine/Plugins/Interchange/Runtime/Content/Functions/MF_SchlickApprox.uexp" 208
"../../../Engine/Plugins/Interchange/Runtime/Content/Utilities/New_LUT.uasset" 209
"../../../Engine/Plugins/Interchange/Runtime/Content/Utilities/New_LUT.uexp" 210
"../../../Engine/Content/Functions/Engine_MaterialFunctions03/Math/RemapValueRange.uasset" 211
"../../../Engine/Content/Functions/Engine_MaterialFunctions03/Math/RemapValueRange.uexp" 212
"../../../Engine/Plugins/Interchange/Runtime/Content/Functions/MF_Iridescence.uasset" 213
"../../../Engine/Plugins/Interchange/Runtime/Content/Functions/MF_Iridescence.uexp" 214
"../../../Engine/Plugins/Interchange/Runtime/Content/Functions/MX_StandardSurface.uasset" 215
"../../../Engine/Plugins/Interchange/Runtime/Content/Functions/MX_StandardSurface.uexp" 216
"../../../Engine/Plugins/Interchange/Runtime/Content/Functions/MX_TransmissionSurface.uasset" 217
"../../../Engine/Plugins/Interchange/Runtime/Content/Functions/MX_TransmissionSurface.uexp" 218
"../../../Engine/Plugins/Interchange/Runtime/Content/Functions/MX_OpenPBR_Translucent.uasset" 219
"../../../Engine/Plugins/Interchange/Runtime/Content/Functions/MX_OpenPBR_Translucent.uexp" 220
"../../../Engine/Plugins/Interchange/Runtime/Content/Functions/MX_OpenPBR_Opaque.uasset" 221
"../../../Engine/Plugins/Interchange/Runtime/Content/Functions/MX_OpenPBR_Opaque.uexp" 222
"../../../Engine/Plugins/Interchange/Runtime/Content/Functions/MX_MeasuredEDF.uasset" 223
"../../../Engine/Plugins/Interchange/Runtime/Content/Functions/MX_MeasuredEDF.uexp" 224
"../../../Engine/Plugins/Interchange/Runtime/Content/Functions/MX_GeneralizedSchlickBSDF.uasset" 225
"../../../Engine/Plugins/Interchange/Runtime/Content/Functions/MX_GeneralizedSchlickBSDF.uexp" 226
"../../../Engine/Plugins/Interchange/Runtime/Content/Functions/MX_DielectricBSDF.uasset" 227
"../../../Engine/Plugins/Interchange/Runtime/Content/Functions/MX_DielectricBSDF.uexp" 228
"../../../Engine/Plugins/Interchange/Runtime/Content/Functions/MX_ConicalEDF.uasset" 229
"../../../Engine/Plugins/Interchange/Runtime/Content/Functions/MX_ConicalEDF.uexp" 230
"../../../Engine/Plugins/Interchange/Runtime/Content/Functions/MX_ConductorBSDF.uasset" 231
"../../../Engine/Plugins/Interchange/Runtime/Content/Functions/MX_ConductorBSDF.uexp" 232
"../../../Engine/Plugins/Interchange/Runtime/Content/Functions/MX_BurleyDiffuseBSDF.uasset" 233
"../../../Engine/Plugins/Interchange/Runtime/Content/Functions/MX_BurleyDiffuseBSDF.uexp" 234
"../../../Engine/Plugins/Interchange/Runtime/Content/Functions/MX_AnisotropicVDF.uasset" 235
"../../../Engine/Plugins/Interchange/Runtime/Content/Functions/MX_AnisotropicVDF.uexp" 236
"../../../Engine/Plugins/Interchange/Runtime/Content/Functions/MX_AbsorptionVDF.uasset" 237
"../../../Engine/Plugins/Interchange/Runtime/Content/Functions/MX_AbsorptionVDF.uexp" 238
"../../../Engine/Plugins/Editor/SpeedTreeImporter/Content/SpeedTree9/game_wind_noise.ubulk" 239
"../../../Engine/Plugins/Editor/SpeedTreeImporter/Content/SpeedTree9/game_wind_noise.uasset" 240
"../../../Engine/Plugins/Editor/SpeedTreeImporter/Content/SpeedTree9/game_wind_noise.uexp" 241
"../../../Engine/Plugins/Editor/SpeedTreeImporter/Content/SpeedTree9/UnpackDirection.uasset" 242
"../../../Engine/Plugins/Editor/SpeedTreeImporter/Content/SpeedTree9/UnpackDirection.uexp" 243
"../../../Engine/Content/Functions/Engine_MaterialFunctions02/ObjectLocalBounds.uasset" 244
"../../../Engine/Content/Functions/Engine_MaterialFunctions02/ObjectLocalBounds.uexp" 245
"../../../Engine/Content/Functions/Engine_MaterialFunctions02/UVs/BoundingBoxBased_0-1_UVW.uasset" 246
"../../../Engine/Content/Functions/Engine_MaterialFunctions02/UVs/BoundingBoxBased_0-1_UVW.uexp" 247
"../../../Engine/Content/Functions/Engine_MaterialFunctions02/Utility/VectorLength.uasset" 248
"../../../Engine/Content/Functions/Engine_MaterialFunctions02/Utility/VectorLength.uexp" 249
"../../../Engine/Plugins/Editor/SpeedTreeImporter/Content/SpeedTree9/UnpackInteger3.uasset" 250
"../../../Engine/Plugins/Editor/SpeedTreeImporter/Content/SpeedTree9/UnpackInteger3.uexp" 251
"../../../Engine/Plugins/Editor/SpeedTreeImporter/Content/SpeedTree9/SpeedTreeCameraFacing.uasset" 252
"../../../Engine/Plugins/Editor/SpeedTreeImporter/Content/SpeedTree9/SpeedTreeCameraFacing.uexp" 253
"../../../Engine/Content/Functions/Engine_MaterialFunctions02/WorldPositionOffset/ObjectScale.uasset" 254
"../../../Engine/Content/Functions/Engine_MaterialFunctions02/WorldPositionOffset/ObjectScale.uexp" 255
"../../../Engine/Content/Functions/Engine_MaterialFunctions02/SafeNormalize.uasset" 256
"../../../Engine/Content/Functions/Engine_MaterialFunctions02/SafeNormalize.uexp" 257
"../../../Engine/Plugins/Editor/SpeedTreeImporter/Content/SpeedTree9/SpeedTreeWindMotion.uasset" 258
"../../../Engine/Plugins/Editor/SpeedTreeImporter/Content/SpeedTree9/SpeedTreeWindMotion.uexp" 259
"../../../Engine/Plugins/Editor/SpeedTreeImporter/Content/SpeedTree9/SpeedTreeBranchMotion.uasset" 260
"../../../Engine/Plugins/Editor/SpeedTreeImporter/Content/SpeedTree9/SpeedTreeBranchMotion.uexp" 261
"../../../Engine/Plugins/Editor/SpeedTreeImporter/Content/SpeedTree9/SpeedTreeWind.uasset" 262
"../../../Engine/Plugins/Editor/SpeedTreeImporter/Content/SpeedTree9/SpeedTreeWind.uexp" 263
"../../../Engine/Plugins/Editor/SpeedTreeImporter/Content/SpeedTree9/EmptyNormal.uasset" 264
"../../../Engine/Plugins/Editor/SpeedTreeImporter/Content/SpeedTree9/EmptyNormal.uexp" 265
"../../../Engine/Plugins/Editor/SpeedTreeImporter/Content/SpeedTree9/Empty.uasset" 266
"../../../Engine/Plugins/Editor/SpeedTreeImporter/Content/SpeedTree9/Empty.uexp" 267
"../../../Engine/Plugins/Editor/SpeedTreeImporter/Content/SpeedTree9/SpeedTreeMaster.uasset" 268
"../../../Engine/Plugins/Editor/SpeedTreeImporter/Content/SpeedTree9/SpeedTreeMaster.uexp" 269
"../../../Engine/Plugins/Editor/SpeedTreeImporter/Content/SpeedTree9/SpeedTreeBillboard.uasset" 270
"../../../Engine/Plugins/Editor/SpeedTreeImporter/Content/SpeedTree9/SpeedTreeBillboard.uexp" 271
"../../../Engine/Plugins/Editor/SpeedTreeImporter/Content/SpeedTree9/SpeedTreeBillboardMaster.uasset" 272
"../../../Engine/Plugins/Editor/SpeedTreeImporter/Content/SpeedTree9/SpeedTreeBillboardMaster.uexp" 273
"../../../Engine/Content/Functions/Engine_MaterialFunctions02/WorldPositionOffset/CameraOffset.uasset" 274
"../../../Engine/Content/Functions/Engine_MaterialFunctions02/WorldPositionOffset/CameraOffset.uexp" 275
"../../../Engine/Plugins/Animation/ControlRig/Content/M_Manip.uasset" 276
"../../../Engine/Plugins/Animation/ControlRig/Content/M_Manip.uexp" 277
"../../../Engine/Plugins/Animation/ControlRig/Content/Controls/DefaultGizmoLibraryNormalized.uasset" 278
"../../../Engine/Plugins/Animation/ControlRig/Content/Controls/DefaultGizmoLibraryNormalized.uexp" 279
"../../../Engine/Plugins/Animation/ControlRig/Content/Controls/ControlRig_Wedge_solid.ubulk" 280
"../../../Engine/Plugins/Animation/ControlRig/Content/Controls/ControlRig_Wedge_solid.uasset" 281
"../../../Engine/Plugins/Animation/ControlRig/Content/Controls/ControlRig_Wedge_solid.uexp" 282
"../../../Engine/Plugins/Animation/ControlRig/Content/Controls/ControlRig_Wedge_3mm.ubulk" 283
"../../../Engine/Plugins/Animation/ControlRig/Content/Controls/ControlRig_Wedge_3mm.uasset" 284
"../../../Engine/Plugins/Animation/ControlRig/Content/Controls/ControlRig_Wedge_3mm.uexp" 285
"../../../Engine/Plugins/Animation/ControlRig/Content/Controls/ControlRig_Wedge_1mm.ubulk" 286
"../../../Engine/Plugins/Animation/ControlRig/Content/Controls/ControlRig_Wedge_1mm.uasset" 287
"../../../Engine/Plugins/Animation/ControlRig/Content/Controls/ControlRig_Wedge_1mm.uexp" 288
"../../../Engine/Plugins/Animation/ControlRig/Content/Controls/ControlRig_Triangle_solid.ubulk" 289
"../../../Engine/Plugins/Animation/ControlRig/Content/Controls/ControlRig_Triangle_solid.uasset" 290
"../../../Engine/Plugins/Animation/ControlRig/Content/Controls/ControlRig_Triangle_solid.uexp" 291
"../../../Engine/Plugins/Animation/ControlRig/Content/Controls/ControlRig_Triangle_3mm.ubulk" 292
"../../../Engine/Plugins/Animation/ControlRig/Content/Controls/ControlRig_Triangle_3mm.uasset" 293
"../../../Engine/Plugins/Animation/ControlRig/Content/Controls/ControlRig_Triangle_3mm.uexp" 294
"../../../Engine/Plugins/Animation/ControlRig/Content/Controls/ControlRig_Triangle_1mm.ubulk" 295
"../../../Engine/Plugins/Animation/ControlRig/Content/Controls/ControlRig_Triangle_1mm.uasset" 296
"../../../Engine/Plugins/Animation/ControlRig/Content/Controls/ControlRig_Triangle_1mm.uexp" 297
"../../../Engine/Plugins/Animation/ControlRig/Content/Controls/ControlRig_Star4_solid.ubulk" 298
"../../../Engine/Plugins/Animation/ControlRig/Content/Controls/ControlRig_Star4_solid.uasset" 299
"../../../Engine/Plugins/Animation/ControlRig/Content/Controls/ControlRig_Star4_solid.uexp" 300
"../../../Engine/Plugins/Animation/ControlRig/Content/Controls/ControlRig_Star4_3mm.ubulk" 301
"../../../Engine/Plugins/Animation/ControlRig/Content/Controls/ControlRig_Star4_3mm.uasset" 302
"../../../Engine/Plugins/Animation/ControlRig/Content/Controls/ControlRig_Star4_3mm.uexp" 303
"../../../Engine/Plugins/Animation/ControlRig/Content/Controls/ControlRig_Star4_1mm.ubulk" 304
"../../../Engine/Plugins/Animation/ControlRig/Content/Controls/ControlRig_Star4_1mm.uasset" 305
"../../../Engine/Plugins/Animation/ControlRig/Content/Controls/ControlRig_Star4_1mm.uexp" 306
"../../../Engine/Plugins/Animation/ControlRig/Content/Controls/ControlRig_Square_solid.ubulk" 307
"../../../Engine/Plugins/Animation/ControlRig/Content/Controls/ControlRig_Square_solid.uasset" 308
"../../../Engine/Plugins/Animation/ControlRig/Content/Controls/ControlRig_Square_solid.uexp" 309
"../../../Engine/Plugins/Animation/ControlRig/Content/Controls/ControlRig_Square_3mm.ubulk" 310
"../../../Engine/Plugins/Animation/ControlRig/Content/Controls/ControlRig_Square_3mm.uasset" 311
"../../../Engine/Plugins/Animation/ControlRig/Content/Controls/ControlRig_Square_3mm.uexp" 312
"../../../Engine/Plugins/Animation/ControlRig/Content/Controls/ControlRig_Square_1mm.ubulk" 313
"../../../Engine/Plugins/Animation/ControlRig/Content/Controls/ControlRig_Square_1mm.uasset" 314
"../../../Engine/Plugins/Animation/ControlRig/Content/Controls/ControlRig_Square_1mm.uexp" 315
"../../../Engine/Plugins/Animation/ControlRig/Content/Controls/ControlRig_Sphere_solid.ubulk" 316
"../../../Engine/Plugins/Animation/ControlRig/Content/Controls/ControlRig_Sphere_solid.uasset" 317
"../../../Engine/Plugins/Animation/ControlRig/Content/Controls/ControlRig_Sphere_solid.uexp" 318
"../../../Engine/Plugins/Animation/ControlRig/Content/Controls/ControlRig_Sphere_3mm.ubulk" 319
"../../../Engine/Plugins/Animation/ControlRig/Content/Controls/ControlRig_Sphere_3mm.uasset" 320
"../../../Engine/Plugins/Animation/ControlRig/Content/Controls/ControlRig_Sphere_3mm.uexp" 321
"../../../Engine/Plugins/Animation/ControlRig/Content/Controls/ControlRig_Sphere_1mm.ubulk" 322
"../../../Engine/Plugins/Animation/ControlRig/Content/Controls/ControlRig_Sphere_1mm.uasset" 323
"../../../Engine/Plugins/Animation/ControlRig/Content/Controls/ControlRig_Sphere_1mm.uexp" 324
"../../../Engine/Plugins/Animation/ControlRig/Content/Controls/ControlRig_RoundedTriangle_solid.ubulk" 325
"../../../Engine/Plugins/Animation/ControlRig/Content/Controls/ControlRig_RoundedTriangle_solid.uasset" 326
"../../../Engine/Plugins/Animation/ControlRig/Content/Controls/ControlRig_RoundedTriangle_solid.uexp" 327
"../../../Engine/Plugins/Animation/ControlRig/Content/Controls/ControlRig_RoundedTriangle_3mm.ubulk" 328
"../../../Engine/Plugins/Animation/ControlRig/Content/Controls/ControlRig_RoundedTriangle_3mm.uasset" 329
"../../../Engine/Plugins/Animation/ControlRig/Content/Controls/ControlRig_RoundedTriangle_3mm.uexp" 330
"../../../Engine/Plugins/Animation/ControlRig/Content/Controls/ControlRig_RoundedTriangle_1mm.ubulk" 331
"../../../Engine/Plugins/Animation/ControlRig/Content/Controls/ControlRig_RoundedTriangle_1mm.uasset" 332
"../../../Engine/Plugins/Animation/ControlRig/Content/Controls/ControlRig_RoundedTriangle_1mm.uexp" 333
"../../../Engine/Plugins/Animation/ControlRig/Content/Controls/ControlRig_RoundedSquare_solid.ubulk" 334
"../../../Engine/Plugins/Animation/ControlRig/Content/Controls/ControlRig_RoundedSquare_solid.uasset" 335
"../../../Engine/Plugins/Animation/ControlRig/Content/Controls/ControlRig_RoundedSquare_solid.uexp" 336
"../../../Engine/Plugins/Animation/ControlRig/Content/Controls/ControlRig_RoundedSquare_3mm.ubulk" 337
"../../../Engine/Plugins/Animation/ControlRig/Content/Controls/ControlRig_RoundedSquare_3mm.uasset" 338
"../../../Engine/Plugins/Animation/ControlRig/Content/Controls/ControlRig_RoundedSquare_3mm.uexp" 339
"../../../Engine/Plugins/Animation/ControlRig/Content/Controls/ControlRig_RoundedSquare_1mm.ubulk" 340
"../../../Engine/Plugins/Animation/ControlRig/Content/Controls/ControlRig_RoundedSquare_1mm.uasset" 341
"../../../Engine/Plugins/Animation/ControlRig/Content/Controls/ControlRig_RoundedSquare_1mm.uexp" 342
"../../../Engine/Plugins/Animation/ControlRig/Content/Controls/ControlRig_QuarterCircle_solid.ubulk" 343
"../../../Engine/Plugins/Animation/ControlRig/Content/Controls/ControlRig_QuarterCircle_solid.uasset" 344
"../../../Engine/Plugins/Animation/ControlRig/Content/Controls/ControlRig_QuarterCircle_solid.uexp" 345
"../../../Engine/Plugins/Animation/ControlRig/Content/Controls/ControlRig_QuarterCircle_3mm.ubulk" 346
"../../../Engine/Plugins/Animation/ControlRig/Content/Controls/ControlRig_QuarterCircle_3mm.uasset" 347
"../../../Engine/Plugins/Animation/ControlRig/Content/Controls/ControlRig_QuarterCircle_3mm.uexp" 348
"../../../Engine/Plugins/Animation/ControlRig/Content/Controls/ControlRig_QuarterCircle_1mm.ubulk" 349
"../../../Engine/Plugins/Animation/ControlRig/Content/Controls/ControlRig_QuarterCircle_1mm.uasset" 350
"../../../Engine/Plugins/Animation/ControlRig/Content/Controls/ControlRig_QuarterCircle_1mm.uexp" 351
"../../../Engine/Plugins/Animation/ControlRig/Content/Controls/ControlRig_Pyramid_solid.ubulk" 352
"../../../Engine/Plugins/Animation/ControlRig/Content/Controls/ControlRig_Pyramid_solid.uasset" 353
"../../../Engine/Plugins/Animation/ControlRig/Content/Controls/ControlRig_Pyramid_solid.uexp" 354
"../../../Engine/Plugins/Animation/ControlRig/Content/Controls/ControlRig_Pyramid_3mm.ubulk" 355
"../../../Engine/Plugins/Animation/ControlRig/Content/Controls/ControlRig_Pyramid_3mm.uasset" 356
"../../../Engine/Plugins/Animation/ControlRig/Content/Controls/ControlRig_Pyramid_3mm.uexp" 357
"../../../Engine/Plugins/Animation/ControlRig/Content/Controls/ControlRig_Pyramid_1mm.ubulk" 358
"../../../Engine/Plugins/Animation/ControlRig/Content/Controls/ControlRig_Pyramid_1mm.uasset" 359
"../../../Engine/Plugins/Animation/ControlRig/Content/Controls/ControlRig_Pyramid_1mm.uexp" 360
"../../../Engine/Plugins/Animation/ControlRig/Content/Controls/ControlRig_Octagon_solid.ubulk" 361
"../../../Engine/Plugins/Animation/ControlRig/Content/Controls/ControlRig_Octagon_solid.uasset" 362
"../../../Engine/Plugins/Animation/ControlRig/Content/Controls/ControlRig_Octagon_solid.uexp" 363
"../../../Engine/Plugins/Animation/ControlRig/Content/Controls/ControlRig_Octagon_3mm.ubulk" 364
"../../../Engine/Plugins/Animation/ControlRig/Content/Controls/ControlRig_Octagon_3mm.uasset" 365
"../../../Engine/Plugins/Animation/ControlRig/Content/Controls/ControlRig_Octagon_3mm.uexp" 366
"../../../Engine/Plugins/Animation/ControlRig/Content/Controls/ControlRig_Octagon_1mm.ubulk" 367
"../../../Engine/Plugins/Animation/ControlRig/Content/Controls/ControlRig_Octagon_1mm.uasset" 368
"../../../Engine/Plugins/Animation/ControlRig/Content/Controls/ControlRig_Octagon_1mm.uexp" 369
"../../../Engine/Plugins/Animation/ControlRig/Content/Controls/ControlRig_Hexagon_solid.ubulk" 370
"../../../Engine/Plugins/Animation/ControlRig/Content/Controls/ControlRig_Hexagon_solid.uasset" 371
"../../../Engine/Plugins/Animation/ControlRig/Content/Controls/ControlRig_Hexagon_solid.uexp" 372
"../../../Engine/Plugins/Animation/ControlRig/Content/Controls/ControlRig_Hexagon_3mm.ubulk" 373
"../../../Engine/Plugins/Animation/ControlRig/Content/Controls/ControlRig_Hexagon_3mm.uasset" 374
"../../../Engine/Plugins/Animation/ControlRig/Content/Controls/ControlRig_Hexagon_3mm.uexp" 375
"../../../Engine/Plugins/Animation/ControlRig/Content/Controls/ControlRig_Hexagon_1mm.ubulk" 376
"../../../Engine/Plugins/Animation/ControlRig/Content/Controls/ControlRig_Hexagon_1mm.uasset" 377
"../../../Engine/Plugins/Animation/ControlRig/Content/Controls/ControlRig_Hexagon_1mm.uexp" 378
"../../../Engine/Plugins/Animation/ControlRig/Content/Controls/ControlRig_HalfCircle_solid.ubulk" 379
"../../../Engine/Plugins/Animation/ControlRig/Content/Controls/ControlRig_HalfCircle_solid.uasset" 380
"../../../Engine/Plugins/Animation/ControlRig/Content/Controls/ControlRig_HalfCircle_solid.uexp" 381
"../../../Engine/Plugins/Animation/ControlRig/Content/Controls/ControlRig_HalfCircle_3mm.ubulk" 382
"../../../Engine/Plugins/Animation/ControlRig/Content/Controls/ControlRig_HalfCircle_3mm.uasset" 383
"../../../Engine/Plugins/Animation/ControlRig/Content/Controls/ControlRig_HalfCircle_3mm.uexp" 384
"../../../Engine/Plugins/Animation/ControlRig/Content/Controls/ControlRig_HalfCircle_1mm.ubulk" 385
"../../../Engine/Plugins/Animation/ControlRig/Content/Controls/ControlRig_HalfCircle_1mm.uasset" 386
"../../../Engine/Plugins/Animation/ControlRig/Content/Controls/ControlRig_HalfCircle_1mm.uexp" 387
"../../../Engine/Plugins/Animation/ControlRig/Content/Controls/ControlRig_Diamond_solid.ubulk" 388
"../../../Engine/Plugins/Animation/ControlRig/Content/Controls/ControlRig_Diamond_solid.uasset" 389
"../../../Engine/Plugins/Animation/ControlRig/Content/Controls/ControlRig_Diamond_solid.uexp" 390
"../../../Engine/Plugins/Animation/ControlRig/Content/Controls/ControlRig_Diamond_3mm.ubulk" 391
"../../../Engine/Plugins/Animation/ControlRig/Content/Controls/ControlRig_Diamond_3mm.uasset" 392
"../../../Engine/Plugins/Animation/ControlRig/Content/Controls/ControlRig_Diamond_3mm.uexp" 393
"../../../Engine/Plugins/Animation/ControlRig/Content/Controls/ControlRig_Diamond_1mm.ubulk" 394
"../../../Engine/Plugins/Animation/ControlRig/Content/Controls/ControlRig_Diamond_1mm.uasset" 395
"../../../Engine/Plugins/Animation/ControlRig/Content/Controls/ControlRig_Diamond_1mm.uexp" 396
"../../../Engine/Plugins/Animation/ControlRig/Content/Controls/ControlRig_Circle_solid.ubulk" 397
"../../../Engine/Plugins/Animation/ControlRig/Content/Controls/ControlRig_Circle_solid.uasset" 398
"../../../Engine/Plugins/Animation/ControlRig/Content/Controls/ControlRig_Circle_solid.uexp" 399
"../../../Engine/Plugins/Animation/ControlRig/Content/Controls/ControlRig_Circle_3mm.ubulk" 400
"../../../Engine/Plugins/Animation/ControlRig/Content/Controls/ControlRig_Circle_3mm.uasset" 401
"../../../Engine/Plugins/Animation/ControlRig/Content/Controls/ControlRig_Circle_3mm.uexp" 402
"../../../Engine/Plugins/Animation/ControlRig/Content/Controls/ControlRig_Circle_1mm.ubulk" 403
"../../../Engine/Plugins/Animation/ControlRig/Content/Controls/ControlRig_Circle_1mm.uasset" 404
"../../../Engine/Plugins/Animation/ControlRig/Content/Controls/ControlRig_Circle_1mm.uexp" 405
"../../../Engine/Plugins/Animation/ControlRig/Content/Controls/ControlRig_Box_solid.ubulk" 406
"../../../Engine/Plugins/Animation/ControlRig/Content/Controls/ControlRig_Box_solid.uasset" 407
"../../../Engine/Plugins/Animation/ControlRig/Content/Controls/ControlRig_Box_solid.uexp" 408
"../../../Engine/Plugins/Animation/ControlRig/Content/Controls/ControlRig_Box_3mm.ubulk" 409
"../../../Engine/Plugins/Animation/ControlRig/Content/Controls/ControlRig_Box_3mm.uasset" 410
"../../../Engine/Plugins/Animation/ControlRig/Content/Controls/ControlRig_Box_3mm.uexp" 411
"../../../Engine/Plugins/Animation/ControlRig/Content/Controls/ControlRig_Box_1mm.ubulk" 412
"../../../Engine/Plugins/Animation/ControlRig/Content/Controls/ControlRig_Box_1mm.uasset" 413
"../../../Engine/Plugins/Animation/ControlRig/Content/Controls/ControlRig_Box_1mm.uexp" 414
"../../../Engine/Plugins/Animation/ControlRig/Content/Controls/ControlRig_Arrow_solid.ubulk" 415
"../../../Engine/Plugins/Animation/ControlRig/Content/Controls/ControlRig_Arrow_solid.uasset" 416
"../../../Engine/Plugins/Animation/ControlRig/Content/Controls/ControlRig_Arrow_solid.uexp" 417
"../../../Engine/Plugins/Animation/ControlRig/Content/Controls/ControlRig_Arrow_3mm.ubulk" 418
"../../../Engine/Plugins/Animation/ControlRig/Content/Controls/ControlRig_Arrow_3mm.uasset" 419
"../../../Engine/Plugins/Animation/ControlRig/Content/Controls/ControlRig_Arrow_3mm.uexp" 420
"../../../Engine/Plugins/Animation/ControlRig/Content/Controls/ControlRig_Arrow_1mm.ubulk" 421
"../../../Engine/Plugins/Animation/ControlRig/Content/Controls/ControlRig_Arrow_1mm.uasset" 422
"../../../Engine/Plugins/Animation/ControlRig/Content/Controls/ControlRig_Arrow_1mm.uexp" 423
"../../../Engine/Plugins/Animation/ControlRig/Content/Controls/ControlRig_Arrow4_solid.ubulk" 424
"../../../Engine/Plugins/Animation/ControlRig/Content/Controls/ControlRig_Arrow4_solid.uasset" 425
"../../../Engine/Plugins/Animation/ControlRig/Content/Controls/ControlRig_Arrow4_solid.uexp" 426
"../../../Engine/Plugins/Animation/ControlRig/Content/Controls/ControlRig_Arrow4_3mm.ubulk" 427
"../../../Engine/Plugins/Animation/ControlRig/Content/Controls/ControlRig_Arrow4_3mm.uasset" 428
"../../../Engine/Plugins/Animation/ControlRig/Content/Controls/ControlRig_Arrow4_3mm.uexp" 429
"../../../Engine/Plugins/Animation/ControlRig/Content/Controls/ControlRig_Arrow4_1mm.ubulk" 430
"../../../Engine/Plugins/Animation/ControlRig/Content/Controls/ControlRig_Arrow4_1mm.uasset" 431
"../../../Engine/Plugins/Animation/ControlRig/Content/Controls/ControlRig_Arrow4_1mm.uexp" 432
"../../../Engine/Plugins/Animation/ControlRig/Content/Controls/ControlRig_Arrow2_solid.ubulk" 433
"../../../Engine/Plugins/Animation/ControlRig/Content/Controls/ControlRig_Arrow2_solid.uasset" 434
"../../../Engine/Plugins/Animation/ControlRig/Content/Controls/ControlRig_Arrow2_solid.uexp" 435
"../../../Engine/Plugins/Animation/ControlRig/Content/Controls/ControlRig_Arrow2_3mm.ubulk" 436
"../../../Engine/Plugins/Animation/ControlRig/Content/Controls/ControlRig_Arrow2_3mm.uasset" 437
"../../../Engine/Plugins/Animation/ControlRig/Content/Controls/ControlRig_Arrow2_3mm.uexp" 438
"../../../Engine/Plugins/Animation/ControlRig/Content/Controls/ControlRig_Arrow2_1mm.ubulk" 439
"../../../Engine/Plugins/Animation/ControlRig/Content/Controls/ControlRig_Arrow2_1mm.uasset" 440
"../../../Engine/Plugins/Animation/ControlRig/Content/Controls/ControlRig_Arrow2_1mm.uexp" 441
"../../../Engine/Plugins/Animation/ControlRig/Content/Controls/ControlRigXRayMaterial.uasset" 442
"../../../Engine/Plugins/Animation/ControlRig/Content/Controls/ControlRigXRayMaterial.uexp" 443
"../../../Engine/Plugins/Animation/ControlRig/Content/Controls/ControlRigGizmoMaterial.uasset" 444
"../../../Engine/Plugins/Animation/ControlRig/Content/Controls/ControlRigGizmoMaterial.uexp" 445
"../../../Engine/Plugins/2D/Paper2D/Content/PlaceholderTextures/DummySpriteTexture.ubulk" 446
"../../../Engine/Plugins/2D/Paper2D/Content/PlaceholderTextures/DummySpriteTexture.uasset" 447
"../../../Engine/Plugins/2D/Paper2D/Content/PlaceholderTextures/DummySpriteTexture.uexp" 448
"../../../Engine/Plugins/2D/Paper2D/Content/DefaultSpriteMaterial.uasset" 449
"../../../Engine/Plugins/2D/Paper2D/Content/DefaultSpriteMaterial.uexp" 450
"../../../Engine/Plugins/2D/Paper2D/Content/OpaqueUnlitSpriteMaterial.uasset" 451
"../../../Engine/Plugins/2D/Paper2D/Content/OpaqueUnlitSpriteMaterial.uexp" 452
"../../../Engine/Plugins/2D/Paper2D/Content/MaskedUnlitSpriteMaterial.uasset" 453
"../../../Engine/Plugins/2D/Paper2D/Content/MaskedUnlitSpriteMaterial.uexp" 454
"../../../Engine/Plugins/2D/Paper2D/Content/DummySprite.uasset" 455
"../../../Engine/Plugins/2D/Paper2D/Content/DummySprite.uexp" 456
"../../../Engine/Plugins/2D/Paper2D/Content/DefaultPaperTerrainMaterial.uasset" 457
"../../../Engine/Plugins/2D/Paper2D/Content/DefaultPaperTerrainMaterial.uexp" 458
"../../../Engine/Content/VREditor/TransformGizmo/StartRotationHandleIndicator.ubulk" 459
"../../../Engine/Content/VREditor/TransformGizmo/StartRotationHandleIndicator.uasset" 460
"../../../Engine/Content/VREditor/TransformGizmo/StartRotationHandleIndicator.uexp" 461
"../../../Engine/Content/VREditor/Sounds/UI/Drop_Item_From_ContentBrowser.ubulk" 462
"../../../Engine/Content/VREditor/Sounds/UI/Drop_Item_From_ContentBrowser.uasset" 463
"../../../Engine/Content/VREditor/Sounds/UI/Drop_Item_From_ContentBrowser.uexp" 464
"../../../Engine/Content/VREditor/TransformGizmo/PlaneTranslationHandle.ubulk" 465
"../../../Engine/Content/VREditor/TransformGizmo/PlaneTranslationHandle.uasset" 466
"../../../Engine/Content/VREditor/TransformGizmo/PlaneTranslationHandle.uexp" 467
"../../../Engine/Content/VREditor/Sounds/UI/Object_Snaps_To_Grid.ubulk" 468
"../../../Engine/Content/VREditor/Sounds/UI/Object_Snaps_To_Grid.uasset" 469
"../../../Engine/Content/VREditor/Sounds/UI/Object_Snaps_To_Grid.uexp" 470
"../../../Engine/Content/VREditor/Sounds/UI/Selection_Changes.ubulk" 471
"../../../Engine/Content/VREditor/Sounds/UI/Selection_Changes.uasset" 472
"../../../Engine/Content/VREditor/Sounds/UI/Selection_Changes.uexp" 473
"../../../Engine/Content/VREditor/Sounds/UI/Object_Snaps_To_Another_Actor.ubulk" 474
"../../../Engine/Content/VREditor/Sounds/UI/Object_Snaps_To_Another_Actor.uasset" 475
"../../../Engine/Content/VREditor/Sounds/UI/Object_Snaps_To_Another_Actor.uexp" 476
"../../../Engine/Content/VREditor/TransformGizmo/TranslucentTransformGizmoMaterial_Inst.uasset" 477
"../../../Engine/Content/VREditor/TransformGizmo/TranslucentTransformGizmoMaterial_Inst.uexp" 478
"../../../Engine/Content/VREditor/TransformGizmo/TransformGizmoFreeRotation.ubulk" 479
"../../../Engine/Content/VREditor/TransformGizmo/TransformGizmoFreeRotation.uasset" 480
"../../../Engine/Content/VREditor/TransformGizmo/TransformGizmoFreeRotation.uexp" 481
"../../../Engine/Content/VREditor/Sounds/UI/Scaling_Down.ubulk" 482
"../../../Engine/Content/VREditor/Sounds/UI/Scaling_Down.uasset" 483
"../../../Engine/Content/VREditor/Sounds/UI/Scaling_Down.uexp" 484
"../../../Engine/Content/Functions/Engine_MaterialFunctions02/Math/Transform3x3Matrix.uasset" 485
"../../../Engine/Content/Functions/Engine_MaterialFunctions02/Math/Transform3x3Matrix.uexp" 486
"../../../Engine/Content/Functions/Engine_MaterialFunctions02/SplitComponents.uasset" 487
"../../../Engine/Content/Functions/Engine_MaterialFunctions02/SplitComponents.uexp" 488
"../../../Engine/Content/Functions/Engine_MaterialFunctions02/Utility/MakeFloat3.uasset" 489
"../../../Engine/Content/Functions/Engine_MaterialFunctions02/Utility/MakeFloat3.uexp" 490
"../../../Engine/Content/VREditor/SnapGrid/SnapGridMaterial.uasset" 491
"../../../Engine/Content/VREditor/SnapGrid/SnapGridMaterial.uexp" 492
"../../../Engine/Content/VREditor/SnapGrid/SnapGridPlaneMesh.ubulk" 493
"../../../Engine/Content/VREditor/SnapGrid/SnapGridPlaneMesh.uasset" 494
"../../../Engine/Content/VREditor/SnapGrid/SnapGridPlaneMesh.uexp" 495
"../../../Engine/Content/VREditor/Sounds/UI/Scaling_Up.ubulk" 496
"../../../Engine/Content/VREditor/Sounds/UI/Scaling_Up.uasset" 497
"../../../Engine/Content/VREditor/Sounds/UI/Scaling_Up.uexp" 498
"../../../Engine/Content/VREditor/TransformGizmo/TransformGizmoMaterial_Inst.uasset" 499
"../../../Engine/Content/VREditor/TransformGizmo/TransformGizmoMaterial_Inst.uexp" 500
"../../../Engine/Content/VREditor/Sounds/UI/Gizmo_Handle_Clicked.ubulk" 501
"../../../Engine/Content/VREditor/Sounds/UI/Gizmo_Handle_Clicked.uasset" 502
"../../../Engine/Content/VREditor/Sounds/UI/Gizmo_Handle_Clicked.uexp" 503
"../../../Engine/Content/VREditor/TransformGizmo/RotationHandleQuarter.ubulk" 504
"../../../Engine/Content/VREditor/TransformGizmo/RotationHandleQuarter.uasset" 505
"../../../Engine/Content/VREditor/TransformGizmo/RotationHandleQuarter.uexp" 506
"../../../Engine/Content/VREditor/TransformGizmo/TranslateArrowHandle.ubulk" 507
"../../../Engine/Content/VREditor/TransformGizmo/TranslateArrowHandle.uasset" 508
"../../../Engine/Content/VREditor/TransformGizmo/TranslateArrowHandle.uexp" 509
"../../../Engine/Content/VREditor/TransformGizmo/RotationHandleIndicator.ubulk" 510
"../../../Engine/Content/VREditor/TransformGizmo/RotationHandleIndicator.uasset" 511
"../../../Engine/Content/VREditor/TransformGizmo/RotationHandleIndicator.uexp" 512
"../../../Engine/Content/VREditor/TransformGizmo/UniformScaleHandle.ubulk" 513
"../../../Engine/Content/VREditor/TransformGizmo/UniformScaleHandle.uasset" 514
"../../../Engine/Content/VREditor/TransformGizmo/UniformScaleHandle.uexp" 515
"../../../Engine/Content/VREditor/TransformGizmo/RotationHandleFull.ubulk" 516
"../../../Engine/Content/VREditor/TransformGizmo/RotationHandleFull.uasset" 517
"../../../Engine/Content/VREditor/TransformGizmo/RotationHandleFull.uexp" 518
"../../../Engine/Content/VREditor/Sounds/UI/Object_PickUp.ubulk" 519
"../../../Engine/Content/VREditor/Sounds/UI/Object_PickUp.uasset" 520
"../../../Engine/Content/VREditor/Sounds/UI/Object_PickUp.uexp" 521
"../../../Engine/Content/EngineSounds/Master.uasset" 522
"../../../Engine/Content/EngineSounds/Master.uexp" 523
"../../../Engine/Content/EngineResources/WhiteSquareTexture.uasset" 524
"../../../Engine/Content/EngineResources/WhiteSquareTexture.uexp" 525
"../../../Engine/Content/EngineMaterials/Widget3DPassThrough.uasset" 526
"../../../Engine/Content/EngineMaterials/Widget3DPassThrough.uexp" 527
"../../../Engine/Content/EngineMaterials/Widget3DPassThrough_Translucent.uasset" 528
"../../../Engine/Content/EngineMaterials/Widget3DPassThrough_Translucent.uexp" 529
"../../../Engine/Content/EngineMaterials/Widget3DPassThrough_Translucent_OneSided.uasset" 530
"../../../Engine/Content/EngineMaterials/Widget3DPassThrough_Translucent_OneSided.uexp" 531
"../../../Engine/Content/EngineMaterials/Widget3DPassThrough_Opaque.uasset" 532
"../../../Engine/Content/EngineMaterials/Widget3DPassThrough_Opaque.uexp" 533
"../../../Engine/Content/EngineMaterials/Widget3DPassThrough_Opaque_OneSided.uasset" 534
"../../../Engine/Content/EngineMaterials/Widget3DPassThrough_Opaque_OneSided.uexp" 535
"../../../Engine/Content/EngineMaterials/Widget3DPassThrough_Masked_OneSided.uasset" 536
"../../../Engine/Content/EngineMaterials/Widget3DPassThrough_Masked_OneSided.uexp" 537
"../../../Engine/Content/EngineMaterials/Widget3DPassThrough_Masked.uasset" 538
"../../../Engine/Content/EngineMaterials/Widget3DPassThrough_Masked.uexp" 539
"../../../Engine/Content/EngineMaterials/STBlueNoise_vec2_128x128x64.uasset" 540
"../../../Engine/Content/EngineMaterials/STBlueNoise_vec2_128x128x64.uexp" 541
"../../../Engine/Content/EngineMaterials/STBlueNoise_scalar_128x128x64.uasset" 542
"../../../Engine/Content/EngineMaterials/STBlueNoise_scalar_128x128x64.uexp" 543
"../../../Engine/Content/EngineMaterials/RemoveSurfaceMaterial.uasset" 544
"../../../Engine/Content/EngineMaterials/RemoveSurfaceMaterial.uexp" 545
"../../../Engine/Content/EngineMaterials/DefaultCalibrationGrayscale.uasset" 546
"../../../Engine/Content/EngineMaterials/DefaultCalibrationGrayscale.uexp" 547
"../../../Engine/Content/EngineMaterials/PPM_DefaultCalibrationGrayscale.uasset" 548
"../../../Engine/Content/EngineMaterials/PPM_DefaultCalibrationGrayscale.uexp" 549
"../../../Engine/Content/EngineMaterials/DefaultCalibrationColor.uasset" 550
"../../../Engine/Content/EngineMaterials/DefaultCalibrationColor.uexp" 551
"../../../Engine/Content/EngineMaterials/PPM_DefaultCalibrationColor.uasset" 552
"../../../Engine/Content/EngineMaterials/PPM_DefaultCalibrationColor.uexp" 553
"../../../Engine/Content/EngineMaterials/PhAT_JointLimitMaterial.uasset" 554
"../../../Engine/Content/EngineMaterials/PhAT_JointLimitMaterial.uexp" 555
"../../../Engine/Content/EngineMaterials/NaniteHiddenSectionMaterial.uasset" 556
"../../../Engine/Content/EngineMaterials/NaniteHiddenSectionMaterial.uexp" 557
"../../../Engine/Content/EngineMaterials/InvalidLightmapSettings.ubulk" 558
"../../../Engine/Content/EngineMaterials/InvalidLightmapSettings.uasset" 559
"../../../Engine/Content/EngineMaterials/InvalidLightmapSettings.uexp" 560
"../../../Engine/Content/EngineMaterials/M_InvalidLightmapSettings.uasset" 561
"../../../Engine/Content/EngineMaterials/M_InvalidLightmapSettings.uexp" 562
"../../../Engine/Content/EngineMaterials/GizmoMaterial.uasset" 563
"../../../Engine/Content/EngineMaterials/GizmoMaterial.uexp" 564
"../../../Engine/Content/EngineMaterials/BaseFlattenEmissiveMap_VT.uasset" 565
"../../../Engine/Content/EngineMaterials/BaseFlattenEmissiveMap_VT.uexp" 566
"../../../Engine/Content/EngineMaterials/BaseFlattenGrayscaleMap_VT.uasset" 567
"../../../Engine/Content/EngineMaterials/BaseFlattenGrayscaleMap_VT.uexp" 568
"../../../Engine/Content/EngineMaterials/BaseFlattenLinearColor_VT.uasset" 569
"../../../Engine/Content/EngineMaterials/BaseFlattenLinearColor_VT.uexp" 570
"../../../Engine/Content/EngineMaterials/Black_1x1_EXR_Texture_VT.uasset" 571
"../../../Engine/Content/EngineMaterials/Black_1x1_EXR_Texture_VT.uexp" 572
"../../../Engine/Content/EngineMaterials/BaseFlattenDiffuseMap_VT.uasset" 573
"../../../Engine/Content/EngineMaterials/BaseFlattenDiffuseMap_VT.uexp" 574
"../../../Engine/Content/EngineMaterials/BaseFlattenNormalMap_VT.uasset" 575
"../../../Engine/Content/EngineMaterials/BaseFlattenNormalMap_VT.uexp" 576
"../../../Engine/Content/EngineMaterials/FlattenMaterial_WS_Normal_VT.uasset" 577
"../../../Engine/Content/EngineMaterials/FlattenMaterial_WS_Normal_VT.uexp" 578
"../../../Engine/Content/EngineMaterials/FlattenMaterial_VT.uasset" 579
"../../../Engine/Content/EngineMaterials/FlattenMaterial_VT.uexp" 580
"../../../Engine/Content/EngineMaterials/BaseFlattenNormalMap.uasset" 581
"../../../Engine/Content/EngineMaterials/BaseFlattenNormalMap.uexp" 582
"../../../Engine/Content/EngineMaterials/BaseFlattenGrayscaleMap.uasset" 583
"../../../Engine/Content/EngineMaterials/BaseFlattenGrayscaleMap.uexp" 584
"../../../Engine/Content/EngineMaterials/BaseFlattenDiffuseMap.uasset" 585
"../../../Engine/Content/EngineMaterials/BaseFlattenDiffuseMap.uexp" 586
"../../../Engine/Content/Functions/Engine_MaterialFunctions02/PivotPainter2/Black_1x1_EXR_Texture.uasset" 587
"../../../Engine/Content/Functions/Engine_MaterialFunctions02/PivotPainter2/Black_1x1_EXR_Texture.uexp" 588
"../../../Engine/Content/EngineMaterials/BaseFlattenEmissiveMap.uasset" 589
"../../../Engine/Content/EngineMaterials/BaseFlattenEmissiveMap.uexp" 590
"../../../Engine/Content/EngineMaterials/BaseFlattenLinearColor.uasset" 591
"../../../Engine/Content/EngineMaterials/BaseFlattenLinearColor.uexp" 592
"../../../Engine/Content/EngineMaterials/FlattenMaterial.uasset" 593
"../../../Engine/Content/EngineMaterials/FlattenMaterial.uexp" 594
"../../../Engine/Content/EngineMaterials/DefaultWhiteGrid_Low.uasset" 595
"../../../Engine/Content/EngineMaterials/DefaultWhiteGrid_Low.uexp" 596
"../../../Engine/Content/EngineMaterials/EmissiveMeshMaterial.uasset" 597
"../../../Engine/Content/EngineMaterials/EmissiveMeshMaterial.uexp" 598
"../../../Engine/Content/EngineFonts/RobotoDistanceField.uasset" 599
"../../../Engine/Content/EngineFonts/RobotoDistanceField.uexp" 600
"../../../Engine/Content/EngineMaterials/DefaultTextMaterialOpaque.uasset" 601
"../../../Engine/Content/EngineMaterials/DefaultTextMaterialOpaque.uexp" 602
"../../../Engine/Content/Functions/Engine_MaterialFunctions02/Utility/BreakOutFloat2Components.uasset" 603
"../../../Engine/Content/Functions/Engine_MaterialFunctions02/Utility/BreakOutFloat2Components.uexp" 604
"../../../Engine/Content/EngineMaterials/DefaultPostProcessMaterial.uasset" 605
"../../../Engine/Content/EngineMaterials/DefaultPostProcessMaterial.uexp" 606
"../../../Engine/Content/EngineMaterials/DefaultPhysicalMaterial.uasset" 607
"../../../Engine/Content/EngineMaterials/DefaultPhysicalMaterial.uexp" 608
"../../../Engine/Content/EngineMaterials/DefaultLightFunctionMaterial.uasset" 609
"../../../Engine/Content/EngineMaterials/DefaultLightFunctionMaterial.uexp" 610
"../../../Engine/Content/EngineMaterials/DefaultDestructiblePhysicalMaterial.uasset" 611
"../../../Engine/Content/EngineMaterials/DefaultDestructiblePhysicalMaterial.uexp" 612
"../../../Engine/Content/EngineMaterials/DefaultDeferredDecalMaterial.uasset" 613
"../../../Engine/Content/EngineMaterials/DefaultDeferredDecalMaterial.uexp" 614
"../../../Engine/Content/EngineMaterials/DefaultBloomKernel.uasset" 615
"../../../Engine/Content/EngineMaterials/DefaultBloomKernel.uexp" 616
"../../../Engine/Content/EngineFonts/Faces/RobotoLight.uexp" 617
"../../../Engine/Content/EngineFonts/Faces/RobotoLight.uasset" 618
"../../../Engine/Content/EngineFonts/Faces/RobotoLight.ufont" 619
"../../../Engine/Content/EngineFonts/Faces/RobotoBold.uexp" 620
"../../../Engine/Content/EngineFonts/Faces/RobotoBold.uasset" 621
"../../../Engine/Content/EngineFonts/Faces/RobotoBold.ufont" 622
"../../../Engine/Content/EngineFonts/Faces/RobotoRegular.uexp" 623
"../../../Engine/Content/EngineFonts/Faces/RobotoRegular.uasset" 624
"../../../Engine/Content/EngineFonts/Faces/RobotoRegular.ufont" 625
"../../../Engine/Content/EngineFonts/Faces/DroidSansFallback.uexp" 626
"../../../Engine/Content/EngineFonts/Faces/DroidSansFallback.uasset" 627
"../../../Engine/Content/EngineFonts/Faces/DroidSansFallback.ufont" 628
"../../../Engine/Content/EngineFonts/Faces/RobotoItalic.uexp" 629
"../../../Engine/Content/EngineFonts/Faces/RobotoItalic.uasset" 630
"../../../Engine/Content/EngineFonts/Faces/RobotoItalic.ufont" 631
"../../../Engine/Content/EngineFonts/Faces/RobotoBoldItalic.uexp" 632
"../../../Engine/Content/EngineFonts/Faces/RobotoBoldItalic.uasset" 633
"../../../Engine/Content/EngineFonts/Faces/RobotoBoldItalic.ufont" 634
"../../../Engine/Content/EngineFonts/Roboto.uasset" 635
"../../../Engine/Content/EngineFonts/Roboto.uexp" 636
"../../../Engine/Content/EngineDebugMaterials/VolumeToRender.uasset" 637
"../../../Engine/Content/EngineDebugMaterials/VolumeToRender.uexp" 638
"../../../Engine/Content/EngineDebugMaterials/M_VolumeRenderSphereTracePP.uasset" 639
"../../../Engine/Content/EngineDebugMaterials/M_VolumeRenderSphereTracePP.uexp" 640
"../../../Engine/Content/EngineDebugMaterials/M_SimpleUnlitTranslucent.uasset" 641
"../../../Engine/Content/EngineDebugMaterials/M_SimpleUnlitTranslucent.uexp" 642
"../../../Engine/Content/EngineDebugMaterials/DebugMeshMaterial.uasset" 643
"../../../Engine/Content/EngineDebugMaterials/DebugMeshMaterial.uexp" 644
"../../../Engine/Content/EngineDebugMaterials/DebugEditorMaterial.uasset" 645
"../../../Engine/Content/EngineDebugMaterials/DebugEditorMaterial.uexp" 646
"../../../Engine/Content/EngineDamageTypes/DmgTypeBP_Environmental.uasset" 647
"../../../Engine/Content/EngineDamageTypes/DmgTypeBP_Environmental.uexp" 648
"../../../Engine/Content/EditorResources/S_Terrain.ubulk" 649
"../../../Engine/Content/EditorResources/S_Terrain.uasset" 650
"../../../Engine/Content/EditorResources/S_Terrain.uexp" 651
"../../../Engine/Content/EditorResources/EmptyActor.uasset" 652
"../../../Engine/Content/EditorResources/EmptyActor.uexp" 653
"../../../Engine/Content/EditorResources/BSPVertex.uasset" 654
"../../../Engine/Content/EditorResources/BSPVertex.uexp" 655
"../../../Engine/Content/EditorMaterials/PreviewShadowIndicator.ubulk" 656
"../../../Engine/Content/EditorMaterials/PreviewShadowIndicator.uasset" 657
"../../../Engine/Content/EditorMaterials/PreviewShadowIndicator.uexp" 658
"../../../Engine/Content/EditorMaterials/PreviewShadowIndicatorMaterial.uasset" 659
"../../../Engine/Content/EditorMaterials/PreviewShadowIndicatorMaterial.uexp" 660
"../../../Engine/Content/EditorMaterials/PhAT_UnselectedMaterial.uasset" 661
"../../../Engine/Content/EditorMaterials/PhAT_UnselectedMaterial.uexp" 662
"../../../Engine/Content/EditorMaterials/PhAT_NoCollisionMaterial.uasset" 663
"../../../Engine/Content/EditorMaterials/PhAT_NoCollisionMaterial.uexp" 664
"../../../Engine/Content/EditorLandscapeResources/DefaultAlphaTexture.uasset" 665
"../../../Engine/Content/EditorLandscapeResources/DefaultAlphaTexture.uexp" 666
"../../../Engine/Content/EditorLandscapeResources/DataLayer.uasset" 667
"../../../Engine/Content/EditorLandscapeResources/DataLayer.uexp" 668
"../../../Engine/Content/EngineMaterials/DefaultMaterial.uasset" 669
"../../../Engine/Content/EngineMaterials/DefaultMaterial.uexp" 670
"../../../Engine/Content/BasicShapes/Sphere.ubulk" 671
"../../../Engine/Content/BasicShapes/Sphere.uasset" 672
"../../../Engine/Content/BasicShapes/Sphere.uexp" 673
"../../../Engine/Content/BasicShapes/Cylinder.ubulk" 674
"../../../Engine/Content/BasicShapes/Cylinder.uasset" 675
"../../../Engine/Content/BasicShapes/Cylinder.uexp" 676
"../../../Engine/Content/BasicShapes/Cone.ubulk" 677
"../../../Engine/Content/BasicShapes/Cone.uasset" 678
"../../../Engine/Content/BasicShapes/Cone.uexp" 679
"C:/Users/d3mon/Documents/1IMPORTANT/University Work/Game Jams/Devtober_2024/GameSmithsDevtober24/Content/UI/Images/SuperShellTemp.ubulk" 680
"C:/Users/d3mon/Documents/1IMPORTANT/University Work/Game Jams/Devtober_2024/GameSmithsDevtober24/Content/UI/Images/SuperShellTemp.uasset" 681
"C:/Users/d3mon/Documents/1IMPORTANT/University Work/Game Jams/Devtober_2024/GameSmithsDevtober24/Content/UI/Images/SuperShellTemp.uexp" 682
"C:/Users/d3mon/Documents/1IMPORTANT/University Work/Game Jams/Devtober_2024/GameSmithsDevtober24/Content/UI/Images/ShotgunShellTemp.ubulk" 683
"C:/Users/d3mon/Documents/1IMPORTANT/University Work/Game Jams/Devtober_2024/GameSmithsDevtober24/Content/UI/Images/ShotgunShellTemp.uasset" 684
"C:/Users/d3mon/Documents/1IMPORTANT/University Work/Game Jams/Devtober_2024/GameSmithsDevtober24/Content/UI/Images/ShotgunShellTemp.uexp" 685
"C:/Users/d3mon/Documents/1IMPORTANT/University Work/Game Jams/Devtober_2024/GameSmithsDevtober24/Content/UI/Images/icon_empty.uasset" 686
"C:/Users/d3mon/Documents/1IMPORTANT/University Work/Game Jams/Devtober_2024/GameSmithsDevtober24/Content/UI/Images/icon_empty.uexp" 687
"C:/Users/d3mon/Documents/1IMPORTANT/University Work/Game Jams/Devtober_2024/GameSmithsDevtober24/Content/StarterContent/Materials/M_Basic_Wall.uasset" 688
"C:/Users/d3mon/Documents/1IMPORTANT/University Work/Game Jams/Devtober_2024/GameSmithsDevtober24/Content/StarterContent/Materials/M_Basic_Wall.uexp" 689
"C:/Users/d3mon/Documents/1IMPORTANT/University Work/Game Jams/Devtober_2024/GameSmithsDevtober24/Content/StarterContent/Shapes/Shape_WideCapsule.ubulk" 690
"C:/Users/d3mon/Documents/1IMPORTANT/University Work/Game Jams/Devtober_2024/GameSmithsDevtober24/Content/StarterContent/Shapes/Shape_WideCapsule.uasset" 691
"C:/Users/d3mon/Documents/1IMPORTANT/University Work/Game Jams/Devtober_2024/GameSmithsDevtober24/Content/StarterContent/Shapes/Shape_WideCapsule.uexp" 692
"C:/Users/d3mon/Documents/1IMPORTANT/University Work/Game Jams/Devtober_2024/GameSmithsDevtober24/Content/StarterContent/Shapes/Shape_Wedge_B.ubulk" 693
"C:/Users/d3mon/Documents/1IMPORTANT/University Work/Game Jams/Devtober_2024/GameSmithsDevtober24/Content/StarterContent/Shapes/Shape_Wedge_B.uasset" 694
"C:/Users/d3mon/Documents/1IMPORTANT/University Work/Game Jams/Devtober_2024/GameSmithsDevtober24/Content/StarterContent/Shapes/Shape_Wedge_B.uexp" 695
"C:/Users/d3mon/Documents/1IMPORTANT/University Work/Game Jams/Devtober_2024/GameSmithsDevtober24/Content/StarterContent/Shapes/Shape_Wedge_A.ubulk" 696
"C:/Users/d3mon/Documents/1IMPORTANT/University Work/Game Jams/Devtober_2024/GameSmithsDevtober24/Content/StarterContent/Shapes/Shape_Wedge_A.uasset" 697
"C:/Users/d3mon/Documents/1IMPORTANT/University Work/Game Jams/Devtober_2024/GameSmithsDevtober24/Content/StarterContent/Shapes/Shape_Wedge_A.uexp" 698
"C:/Users/d3mon/Documents/1IMPORTANT/University Work/Game Jams/Devtober_2024/GameSmithsDevtober24/Content/StarterContent/Shapes/Shape_Tube.ubulk" 699
"C:/Users/d3mon/Documents/1IMPORTANT/University Work/Game Jams/Devtober_2024/GameSmithsDevtober24/Content/StarterContent/Shapes/Shape_Tube.uasset" 700
"C:/Users/d3mon/Documents/1IMPORTANT/University Work/Game Jams/Devtober_2024/GameSmithsDevtober24/Content/StarterContent/Shapes/Shape_Tube.uexp" 701
"C:/Users/d3mon/Documents/1IMPORTANT/University Work/Game Jams/Devtober_2024/GameSmithsDevtober24/Content/StarterContent/Shapes/Shape_TriPyramid.ubulk" 702
"C:/Users/d3mon/Documents/1IMPORTANT/University Work/Game Jams/Devtober_2024/GameSmithsDevtober24/Content/StarterContent/Shapes/Shape_TriPyramid.uasset" 703
"C:/Users/d3mon/Documents/1IMPORTANT/University Work/Game Jams/Devtober_2024/GameSmithsDevtober24/Content/StarterContent/Shapes/Shape_TriPyramid.uexp" 704
"C:/Users/d3mon/Documents/1IMPORTANT/University Work/Game Jams/Devtober_2024/GameSmithsDevtober24/Content/StarterContent/Shapes/Shape_Trim_90_Out.ubulk" 705
"C:/Users/d3mon/Documents/1IMPORTANT/University Work/Game Jams/Devtober_2024/GameSmithsDevtober24/Content/StarterContent/Shapes/Shape_Trim_90_Out.uasset" 706
"C:/Users/d3mon/Documents/1IMPORTANT/University Work/Game Jams/Devtober_2024/GameSmithsDevtober24/Content/StarterContent/Shapes/Shape_Trim_90_Out.uexp" 707
"C:/Users/d3mon/Documents/1IMPORTANT/University Work/Game Jams/Devtober_2024/GameSmithsDevtober24/Content/StarterContent/Shapes/Shape_Trim_90_In.ubulk" 708
"C:/Users/d3mon/Documents/1IMPORTANT/University Work/Game Jams/Devtober_2024/GameSmithsDevtober24/Content/StarterContent/Shapes/Shape_Trim_90_In.uasset" 709
"C:/Users/d3mon/Documents/1IMPORTANT/University Work/Game Jams/Devtober_2024/GameSmithsDevtober24/Content/StarterContent/Shapes/Shape_Trim_90_In.uexp" 710
"C:/Users/d3mon/Documents/1IMPORTANT/University Work/Game Jams/Devtober_2024/GameSmithsDevtober24/Content/StarterContent/Shapes/Shape_Trim.ubulk" 711
"C:/Users/d3mon/Documents/1IMPORTANT/University Work/Game Jams/Devtober_2024/GameSmithsDevtober24/Content/StarterContent/Shapes/Shape_Trim.uasset" 712
"C:/Users/d3mon/Documents/1IMPORTANT/University Work/Game Jams/Devtober_2024/GameSmithsDevtober24/Content/StarterContent/Shapes/Shape_Trim.uexp" 713
"C:/Users/d3mon/Documents/1IMPORTANT/University Work/Game Jams/Devtober_2024/GameSmithsDevtober24/Content/StarterContent/Shapes/Shape_Torus.ubulk" 714
"C:/Users/d3mon/Documents/1IMPORTANT/University Work/Game Jams/Devtober_2024/GameSmithsDevtober24/Content/StarterContent/Shapes/Shape_Torus.uasset" 715
"C:/Users/d3mon/Documents/1IMPORTANT/University Work/Game Jams/Devtober_2024/GameSmithsDevtober24/Content/StarterContent/Shapes/Shape_Torus.uexp" 716
"C:/Users/d3mon/Documents/1IMPORTANT/University Work/Game Jams/Devtober_2024/GameSmithsDevtober24/Content/StarterContent/Shapes/Shape_Plane.ubulk" 717
"C:/Users/d3mon/Documents/1IMPORTANT/University Work/Game Jams/Devtober_2024/GameSmithsDevtober24/Content/StarterContent/Shapes/Shape_Plane.uasset" 718
"C:/Users/d3mon/Documents/1IMPORTANT/University Work/Game Jams/Devtober_2024/GameSmithsDevtober24/Content/StarterContent/Shapes/Shape_Plane.uexp" 719
"C:/Users/d3mon/Documents/1IMPORTANT/University Work/Game Jams/Devtober_2024/GameSmithsDevtober24/Content/StarterContent/Shapes/Shape_Pipe_90.ubulk" 720
"C:/Users/d3mon/Documents/1IMPORTANT/University Work/Game Jams/Devtober_2024/GameSmithsDevtober24/Content/StarterContent/Shapes/Shape_Pipe_90.uasset" 721
"C:/Users/d3mon/Documents/1IMPORTANT/University Work/Game Jams/Devtober_2024/GameSmithsDevtober24/Content/StarterContent/Shapes/Shape_Pipe_90.uexp" 722
"C:/Users/d3mon/Documents/1IMPORTANT/University Work/Game Jams/Devtober_2024/GameSmithsDevtober24/Content/StarterContent/Shapes/Shape_Pipe_180.ubulk" 723
"C:/Users/d3mon/Documents/1IMPORTANT/University Work/Game Jams/Devtober_2024/GameSmithsDevtober24/Content/StarterContent/Shapes/Shape_Pipe_180.uasset" 724
"C:/Users/d3mon/Documents/1IMPORTANT/University Work/Game Jams/Devtober_2024/GameSmithsDevtober24/Content/StarterContent/Shapes/Shape_Pipe_180.uexp" 725
"C:/Users/d3mon/Documents/1IMPORTANT/University Work/Game Jams/Devtober_2024/GameSmithsDevtober24/Content/StarterContent/Shapes/Shape_Pipe.ubulk" 726
"C:/Users/d3mon/Documents/1IMPORTANT/University Work/Game Jams/Devtober_2024/GameSmithsDevtober24/Content/StarterContent/Shapes/Shape_Pipe.uasset" 727
"C:/Users/d3mon/Documents/1IMPORTANT/University Work/Game Jams/Devtober_2024/GameSmithsDevtober24/Content/StarterContent/Shapes/Shape_Pipe.uexp" 728
"C:/Users/d3mon/Documents/1IMPORTANT/University Work/Game Jams/Devtober_2024/GameSmithsDevtober24/Content/StarterContent/Shapes/Shape_NarrowCapsule.ubulk" 729
"C:/Users/d3mon/Documents/1IMPORTANT/University Work/Game Jams/Devtober_2024/GameSmithsDevtober24/Content/StarterContent/Shapes/Shape_NarrowCapsule.uasset" 730
"C:/Users/d3mon/Documents/1IMPORTANT/University Work/Game Jams/Devtober_2024/GameSmithsDevtober24/Content/StarterContent/Shapes/Shape_NarrowCapsule.uexp" 731
"C:/Users/d3mon/Documents/1IMPORTANT/University Work/Game Jams/Devtober_2024/GameSmithsDevtober24/Content/StarterContent/Shapes/Shape_Cylinder.ubulk" 732
"C:/Users/d3mon/Documents/1IMPORTANT/University Work/Game Jams/Devtober_2024/GameSmithsDevtober24/Content/StarterContent/Shapes/Shape_Cylinder.uasset" 733
"C:/Users/d3mon/Documents/1IMPORTANT/University Work/Game Jams/Devtober_2024/GameSmithsDevtober24/Content/StarterContent/Shapes/Shape_Cylinder.uexp" 734
"C:/Users/d3mon/Documents/1IMPORTANT/University Work/Game Jams/Devtober_2024/GameSmithsDevtober24/Content/StarterContent/Shapes/Shape_Cone.ubulk" 735
"C:/Users/d3mon/Documents/1IMPORTANT/University Work/Game Jams/Devtober_2024/GameSmithsDevtober24/Content/StarterContent/Shapes/Shape_Cone.uasset" 736
"C:/Users/d3mon/Documents/1IMPORTANT/University Work/Game Jams/Devtober_2024/GameSmithsDevtober24/Content/StarterContent/Shapes/Shape_Cone.uexp" 737
"C:/Users/d3mon/Documents/1IMPORTANT/University Work/Game Jams/Devtober_2024/GameSmithsDevtober24/Content/StarterContent/Materials/M_Basic_Floor.uasset" 738
"C:/Users/d3mon/Documents/1IMPORTANT/University Work/Game Jams/Devtober_2024/GameSmithsDevtober24/Content/StarterContent/Materials/M_Basic_Floor.uexp" 739
"C:/Users/d3mon/Documents/1IMPORTANT/University Work/Game Jams/Devtober_2024/GameSmithsDevtober24/Content/StarterContent/Props/SM_Stairs.ubulk" 740
"C:/Users/d3mon/Documents/1IMPORTANT/University Work/Game Jams/Devtober_2024/GameSmithsDevtober24/Content/StarterContent/Props/SM_Stairs.uasset" 741
"C:/Users/d3mon/Documents/1IMPORTANT/University Work/Game Jams/Devtober_2024/GameSmithsDevtober24/Content/StarterContent/Props/SM_Stairs.uexp" 742
"C:/Users/d3mon/Documents/1IMPORTANT/University Work/Game Jams/Devtober_2024/GameSmithsDevtober24/Content/StarterContent/Textures/T_Shelf_N.ubulk" 743
"C:/Users/d3mon/Documents/1IMPORTANT/University Work/Game Jams/Devtober_2024/GameSmithsDevtober24/Content/StarterContent/Textures/T_Shelf_N.uasset" 744
"C:/Users/d3mon/Documents/1IMPORTANT/University Work/Game Jams/Devtober_2024/GameSmithsDevtober24/Content/StarterContent/Textures/T_Shelf_N.uexp" 745
"C:/Users/d3mon/Documents/1IMPORTANT/University Work/Game Jams/Devtober_2024/GameSmithsDevtober24/Content/StarterContent/Textures/T_Shelf_M.ubulk" 746
"C:/Users/d3mon/Documents/1IMPORTANT/University Work/Game Jams/Devtober_2024/GameSmithsDevtober24/Content/StarterContent/Textures/T_Shelf_M.uasset" 747
"C:/Users/d3mon/Documents/1IMPORTANT/University Work/Game Jams/Devtober_2024/GameSmithsDevtober24/Content/StarterContent/Textures/T_Shelf_M.uexp" 748
"C:/Users/d3mon/Documents/1IMPORTANT/University Work/Game Jams/Devtober_2024/GameSmithsDevtober24/Content/StarterContent/Props/Materials/M_Shelf.uasset" 749
"C:/Users/d3mon/Documents/1IMPORTANT/University Work/Game Jams/Devtober_2024/GameSmithsDevtober24/Content/StarterContent/Props/Materials/M_Shelf.uexp" 750
"C:/Users/d3mon/Documents/1IMPORTANT/University Work/Game Jams/Devtober_2024/GameSmithsDevtober24/Content/StarterContent/Props/SM_Shelf.ubulk" 751
"C:/Users/d3mon/Documents/1IMPORTANT/University Work/Game Jams/Devtober_2024/GameSmithsDevtober24/Content/StarterContent/Props/SM_Shelf.uasset" 752
"C:/Users/d3mon/Documents/1IMPORTANT/University Work/Game Jams/Devtober_2024/GameSmithsDevtober24/Content/StarterContent/Props/SM_Shelf.uexp" 753
"../../../Engine/Content/Functions/Engine_MaterialFunctions02/Utility/BlendAngleCorrectedNormals.uasset" 754
"../../../Engine/Content/Functions/Engine_MaterialFunctions02/Utility/BlendAngleCorrectedNormals.uexp" 755
"C:/Users/d3mon/Documents/1IMPORTANT/University Work/Game Jams/Devtober_2024/GameSmithsDevtober24/Content/StarterContent/Textures/T_Detail_Rocky_N.ubulk" 756
"C:/Users/d3mon/Documents/1IMPORTANT/University Work/Game Jams/Devtober_2024/GameSmithsDevtober24/Content/StarterContent/Textures/T_Detail_Rocky_N.uasset" 757
"C:/Users/d3mon/Documents/1IMPORTANT/University Work/Game Jams/Devtober_2024/GameSmithsDevtober24/Content/StarterContent/Textures/T_Detail_Rocky_N.uexp" 758
"C:/Users/d3mon/Documents/1IMPORTANT/University Work/Game Jams/Devtober_2024/GameSmithsDevtober24/Content/StarterContent/Textures/T_Rock_Basalt_D.ubulk" 759
"C:/Users/d3mon/Documents/1IMPORTANT/University Work/Game Jams/Devtober_2024/GameSmithsDevtober24/Content/StarterContent/Textures/T_Rock_Basalt_D.uasset" 760
"C:/Users/d3mon/Documents/1IMPORTANT/University Work/Game Jams/Devtober_2024/GameSmithsDevtober24/Content/StarterContent/Textures/T_Rock_Basalt_D.uexp" 761
"C:/Users/d3mon/Documents/1IMPORTANT/University Work/Game Jams/Devtober_2024/GameSmithsDevtober24/Content/StarterContent/Textures/T_RockMesh_N.ubulk" 762
"C:/Users/d3mon/Documents/1IMPORTANT/University Work/Game Jams/Devtober_2024/GameSmithsDevtober24/Content/StarterContent/Textures/T_RockMesh_N.uasset" 763
"C:/Users/d3mon/Documents/1IMPORTANT/University Work/Game Jams/Devtober_2024/GameSmithsDevtober24/Content/StarterContent/Textures/T_RockMesh_N.uexp" 764
"C:/Users/d3mon/Documents/1IMPORTANT/University Work/Game Jams/Devtober_2024/GameSmithsDevtober24/Content/StarterContent/Textures/T_RockMesh_M.ubulk" 765
"C:/Users/d3mon/Documents/1IMPORTANT/University Work/Game Jams/Devtober_2024/GameSmithsDevtober24/Content/StarterContent/Textures/T_RockMesh_M.uasset" 766
"C:/Users/d3mon/Documents/1IMPORTANT/University Work/Game Jams/Devtober_2024/GameSmithsDevtober24/Content/StarterContent/Textures/T_RockMesh_M.uexp" 767
"C:/Users/d3mon/Documents/1IMPORTANT/University Work/Game Jams/Devtober_2024/GameSmithsDevtober24/Content/StarterContent/Props/Materials/M_Rock.uasset" 768
"C:/Users/d3mon/Documents/1IMPORTANT/University Work/Game Jams/Devtober_2024/GameSmithsDevtober24/Content/StarterContent/Props/Materials/M_Rock.uexp" 769
"C:/Users/d3mon/Documents/1IMPORTANT/University Work/Game Jams/Devtober_2024/GameSmithsDevtober24/Content/StarterContent/Props/SM_Rock.ubulk" 770
"C:/Users/d3mon/Documents/1IMPORTANT/University Work/Game Jams/Devtober_2024/GameSmithsDevtober24/Content/StarterContent/Props/SM_Rock.uasset" 771
"C:/Users/d3mon/Documents/1IMPORTANT/University Work/Game Jams/Devtober_2024/GameSmithsDevtober24/Content/StarterContent/Props/SM_Rock.uexp" 772
"C:/Users/d3mon/Documents/1IMPORTANT/University Work/Game Jams/Devtober_2024/GameSmithsDevtober24/Content/StarterContent/Materials/M_Glass.uasset" 773
"C:/Users/d3mon/Documents/1IMPORTANT/University Work/Game Jams/Devtober_2024/GameSmithsDevtober24/Content/StarterContent/Materials/M_Glass.uexp" 774
"C:/Users/d3mon/Documents/1IMPORTANT/University Work/Game Jams/Devtober_2024/GameSmithsDevtober24/Content/StarterContent/Textures/T_Door_N.ubulk" 775
"C:/Users/d3mon/Documents/1IMPORTANT/University Work/Game Jams/Devtober_2024/GameSmithsDevtober24/Content/StarterContent/Textures/T_Door_N.uasset" 776
"C:/Users/d3mon/Documents/1IMPORTANT/University Work/Game Jams/Devtober_2024/GameSmithsDevtober24/Content/StarterContent/Textures/T_Door_N.uexp" 777
"C:/Users/d3mon/Documents/1IMPORTANT/University Work/Game Jams/Devtober_2024/GameSmithsDevtober24/Content/StarterContent/Textures/T_Door_M.ubulk" 778
"C:/Users/d3mon/Documents/1IMPORTANT/University Work/Game Jams/Devtober_2024/GameSmithsDevtober24/Content/StarterContent/Textures/T_Door_M.uasset" 779
"C:/Users/d3mon/Documents/1IMPORTANT/University Work/Game Jams/Devtober_2024/GameSmithsDevtober24/Content/StarterContent/Textures/T_Door_M.uexp" 780
"C:/Users/d3mon/Documents/1IMPORTANT/University Work/Game Jams/Devtober_2024/GameSmithsDevtober24/Content/StarterContent/Props/Materials/M_Door.uasset" 781
"C:/Users/d3mon/Documents/1IMPORTANT/University Work/Game Jams/Devtober_2024/GameSmithsDevtober24/Content/StarterContent/Props/Materials/M_Door.uexp" 782
"C:/Users/d3mon/Documents/1IMPORTANT/University Work/Game Jams/Devtober_2024/GameSmithsDevtober24/Content/StarterContent/Props/SM_Door.ubulk" 783
"C:/Users/d3mon/Documents/1IMPORTANT/University Work/Game Jams/Devtober_2024/GameSmithsDevtober24/Content/StarterContent/Props/SM_Door.uasset" 784
"C:/Users/d3mon/Documents/1IMPORTANT/University Work/Game Jams/Devtober_2024/GameSmithsDevtober24/Content/StarterContent/Props/SM_Door.uexp" 785
"C:/Users/d3mon/Documents/1IMPORTANT/University Work/Game Jams/Devtober_2024/GameSmithsDevtober24/Content/StarterContent/Textures/T_Chair_N.ubulk" 786
"C:/Users/d3mon/Documents/1IMPORTANT/University Work/Game Jams/Devtober_2024/GameSmithsDevtober24/Content/StarterContent/Textures/T_Chair_N.uasset" 787
"C:/Users/d3mon/Documents/1IMPORTANT/University Work/Game Jams/Devtober_2024/GameSmithsDevtober24/Content/StarterContent/Textures/T_Chair_N.uexp" 788
"C:/Users/d3mon/Documents/1IMPORTANT/University Work/Game Jams/Devtober_2024/GameSmithsDevtober24/Content/StarterContent/Textures/T_Chair_M.ubulk" 789
"C:/Users/d3mon/Documents/1IMPORTANT/University Work/Game Jams/Devtober_2024/GameSmithsDevtober24/Content/StarterContent/Textures/T_Chair_M.uasset" 790
"C:/Users/d3mon/Documents/1IMPORTANT/University Work/Game Jams/Devtober_2024/GameSmithsDevtober24/Content/StarterContent/Textures/T_Chair_M.uexp" 791
"C:/Users/d3mon/Documents/1IMPORTANT/University Work/Game Jams/Devtober_2024/GameSmithsDevtober24/Content/StarterContent/Props/Materials/M_Chair.uasset" 792
"C:/Users/d3mon/Documents/1IMPORTANT/University Work/Game Jams/Devtober_2024/GameSmithsDevtober24/Content/StarterContent/Props/Materials/M_Chair.uexp" 793
"C:/Users/d3mon/Documents/1IMPORTANT/University Work/Game Jams/Devtober_2024/GameSmithsDevtober24/Content/StarterContent/Props/SM_Couch.ubulk" 794
"C:/Users/d3mon/Documents/1IMPORTANT/University Work/Game Jams/Devtober_2024/GameSmithsDevtober24/Content/StarterContent/Props/SM_Couch.uasset" 795
"C:/Users/d3mon/Documents/1IMPORTANT/University Work/Game Jams/Devtober_2024/GameSmithsDevtober24/Content/StarterContent/Props/SM_Couch.uexp" 796
"C:/Users/d3mon/Documents/1IMPORTANT/University Work/Game Jams/Devtober_2024/GameSmithsDevtober24/Content/StarterContent/Textures/T_Bush_N.ubulk" 797
"C:/Users/d3mon/Documents/1IMPORTANT/University Work/Game Jams/Devtober_2024/GameSmithsDevtober24/Content/StarterContent/Textures/T_Bush_N.uasset" 798
"C:/Users/d3mon/Documents/1IMPORTANT/University Work/Game Jams/Devtober_2024/GameSmithsDevtober24/Content/StarterContent/Textures/T_Bush_N.uexp" 799
"C:/Users/d3mon/Documents/1IMPORTANT/University Work/Game Jams/Devtober_2024/GameSmithsDevtober24/Content/StarterContent/Textures/T_Bush_D.ubulk" 800
"C:/Users/d3mon/Documents/1IMPORTANT/University Work/Game Jams/Devtober_2024/GameSmithsDevtober24/Content/StarterContent/Textures/T_Bush_D.uasset" 801
"C:/Users/d3mon/Documents/1IMPORTANT/University Work/Game Jams/Devtober_2024/GameSmithsDevtober24/Content/StarterContent/Textures/T_Bush_D.uexp" 802
"C:/Users/d3mon/Documents/1IMPORTANT/University Work/Game Jams/Devtober_2024/GameSmithsDevtober24/Content/StarterContent/Props/Materials/M_Bush.uasset" 803
"C:/Users/d3mon/Documents/1IMPORTANT/University Work/Game Jams/Devtober_2024/GameSmithsDevtober24/Content/StarterContent/Props/Materials/M_Bush.uexp" 804
"C:/Users/d3mon/Documents/1IMPORTANT/University Work/Game Jams/Devtober_2024/GameSmithsDevtober24/Content/StarterContent/Props/SM_Bush.ubulk" 805
"C:/Users/d3mon/Documents/1IMPORTANT/University Work/Game Jams/Devtober_2024/GameSmithsDevtober24/Content/StarterContent/Props/SM_Bush.uasset" 806
"C:/Users/d3mon/Documents/1IMPORTANT/University Work/Game Jams/Devtober_2024/GameSmithsDevtober24/Content/StarterContent/Props/SM_Bush.uexp" 807
"../../../Engine/Content/EditorMeshes/ColorCalibrator/T_ColorGrid.ubulk" 808
"../../../Engine/Content/EditorMeshes/ColorCalibrator/T_ColorGrid.uasset" 809
"../../../Engine/Content/EditorMeshes/ColorCalibrator/T_ColorGrid.uexp" 810
"C:/Users/d3mon/Documents/1IMPORTANT/University Work/Game Jams/Devtober_2024/GameSmithsDevtober24/Content/StarterContent/Materials/M_ColorGrid_LowSpec.uasset" 811
"C:/Users/d3mon/Documents/1IMPORTANT/University Work/Game Jams/Devtober_2024/GameSmithsDevtober24/Content/StarterContent/Materials/M_ColorGrid_LowSpec.uexp" 812
"C:/Users/d3mon/Documents/1IMPORTANT/University Work/Game Jams/Devtober_2024/GameSmithsDevtober24/Content/StarterContent/Textures/T_Smoke_SubUV.ubulk" 813
"C:/Users/d3mon/Documents/1IMPORTANT/University Work/Game Jams/Devtober_2024/GameSmithsDevtober24/Content/StarterContent/Textures/T_Smoke_SubUV.uasset" 814
"C:/Users/d3mon/Documents/1IMPORTANT/University Work/Game Jams/Devtober_2024/GameSmithsDevtober24/Content/StarterContent/Textures/T_Smoke_SubUV.uexp" 815
"C:/Users/d3mon/Documents/1IMPORTANT/University Work/Game Jams/Devtober_2024/GameSmithsDevtober24/Content/StarterContent/Textures/T_Smoke_Tiled_D.ubulk" 816
"C:/Users/d3mon/Documents/1IMPORTANT/University Work/Game Jams/Devtober_2024/GameSmithsDevtober24/Content/StarterContent/Textures/T_Smoke_Tiled_D.uasset" 817
"C:/Users/d3mon/Documents/1IMPORTANT/University Work/Game Jams/Devtober_2024/GameSmithsDevtober24/Content/StarterContent/Textures/T_Smoke_Tiled_D.uexp" 818
"C:/Users/d3mon/Documents/1IMPORTANT/University Work/Game Jams/Devtober_2024/GameSmithsDevtober24/Content/StarterContent/Particles/Materials/M_smoke_subUV.uasset" 819
"C:/Users/d3mon/Documents/1IMPORTANT/University Work/Game Jams/Devtober_2024/GameSmithsDevtober24/Content/StarterContent/Particles/Materials/M_smoke_subUV.uexp" 820
"C:/Users/d3mon/Documents/1IMPORTANT/University Work/Game Jams/Devtober_2024/GameSmithsDevtober24/Content/StarterContent/Textures/T_Burst_M.ubulk" 821
"C:/Users/d3mon/Documents/1IMPORTANT/University Work/Game Jams/Devtober_2024/GameSmithsDevtober24/Content/StarterContent/Textures/T_Burst_M.uasset" 822
"C:/Users/d3mon/Documents/1IMPORTANT/University Work/Game Jams/Devtober_2024/GameSmithsDevtober24/Content/StarterContent/Textures/T_Burst_M.uexp" 823
"C:/Users/d3mon/Documents/1IMPORTANT/University Work/Game Jams/Devtober_2024/GameSmithsDevtober24/Content/StarterContent/Particles/Materials/M_Burst.uasset" 824
"C:/Users/d3mon/Documents/1IMPORTANT/University Work/Game Jams/Devtober_2024/GameSmithsDevtober24/Content/StarterContent/Particles/Materials/M_Burst.uexp" 825
"C:/Users/d3mon/Documents/1IMPORTANT/University Work/Game Jams/Devtober_2024/GameSmithsDevtober24/Content/StarterContent/Particles/Materials/m_flare_01.uasset" 826
"C:/Users/d3mon/Documents/1IMPORTANT/University Work/Game Jams/Devtober_2024/GameSmithsDevtober24/Content/StarterContent/Particles/Materials/m_flare_01.uexp" 827
"C:/Users/d3mon/Documents/1IMPORTANT/University Work/Game Jams/Devtober_2024/GameSmithsDevtober24/Content/StarterContent/Textures/T_Explosion_SubUV.ubulk" 828
"C:/Users/d3mon/Documents/1IMPORTANT/University Work/Game Jams/Devtober_2024/GameSmithsDevtober24/Content/StarterContent/Textures/T_Explosion_SubUV.uasset" 829
"C:/Users/d3mon/Documents/1IMPORTANT/University Work/Game Jams/Devtober_2024/GameSmithsDevtober24/Content/StarterContent/Textures/T_Explosion_SubUV.uexp" 830
"C:/Users/d3mon/Documents/1IMPORTANT/University Work/Game Jams/Devtober_2024/GameSmithsDevtober24/Content/StarterContent/Particles/Materials/M_explosion_subUV.uasset" 831
"C:/Users/d3mon/Documents/1IMPORTANT/University Work/Game Jams/Devtober_2024/GameSmithsDevtober24/Content/StarterContent/Particles/Materials/M_explosion_subUV.uexp" 832
"../../../Engine/Content/Functions/Engine_MaterialFunctions01/Gradient/RadialGradient.uasset" 833
"../../../Engine/Content/Functions/Engine_MaterialFunctions01/Gradient/RadialGradient.uexp" 834
"C:/Users/d3mon/Documents/1IMPORTANT/University Work/Game Jams/Devtober_2024/GameSmithsDevtober24/Content/StarterContent/Particles/Materials/M_radial_ramp.uasset" 835
"C:/Users/d3mon/Documents/1IMPORTANT/University Work/Game Jams/Devtober_2024/GameSmithsDevtober24/Content/StarterContent/Particles/Materials/M_radial_ramp.uexp" 836
"C:/Users/d3mon/Documents/1IMPORTANT/University Work/Game Jams/Devtober_2024/GameSmithsDevtober24/Content/StarterContent/Particles/P_Explosion.uasset" 837
"C:/Users/d3mon/Documents/1IMPORTANT/University Work/Game Jams/Devtober_2024/GameSmithsDevtober24/Content/StarterContent/Particles/P_Explosion.uexp" 838
"C:/Users/d3mon/Documents/1IMPORTANT/University Work/Game Jams/Devtober_2024/GameSmithsDevtober24/Content/StarterContent/Audio/Explosion_Cue.uasset" 839
"C:/Users/d3mon/Documents/1IMPORTANT/University Work/Game Jams/Devtober_2024/GameSmithsDevtober24/Content/StarterContent/Audio/Explosion_Cue.uexp" 840
"C:/Users/d3mon/Documents/1IMPORTANT/University Work/Game Jams/Devtober_2024/GameSmithsDevtober24/Content/StarterContent/Blueprints/Blueprint_Effect_Explosion.uasset" 841
"C:/Users/d3mon/Documents/1IMPORTANT/University Work/Game Jams/Devtober_2024/GameSmithsDevtober24/Content/StarterContent/Blueprints/Blueprint_Effect_Explosion.uexp" 842
"C:/Users/d3mon/Documents/1IMPORTANT/University Work/Game Jams/Devtober_2024/GameSmithsDevtober24/Content/StarterContent/Audio/Steam01.ubulk" 843
"C:/Users/d3mon/Documents/1IMPORTANT/University Work/Game Jams/Devtober_2024/GameSmithsDevtober24/Content/StarterContent/Audio/Steam01.uasset" 844
"C:/Users/d3mon/Documents/1IMPORTANT/University Work/Game Jams/Devtober_2024/GameSmithsDevtober24/Content/StarterContent/Audio/Steam01.uexp" 845
"C:/Users/d3mon/Documents/1IMPORTANT/University Work/Game Jams/Devtober_2024/GameSmithsDevtober24/Content/StarterContent/Audio/Starter_Wind06.ubulk" 846
"C:/Users/d3mon/Documents/1IMPORTANT/University Work/Game Jams/Devtober_2024/GameSmithsDevtober24/Content/StarterContent/Audio/Starter_Wind06.uasset" 847
"C:/Users/d3mon/Documents/1IMPORTANT/University Work/Game Jams/Devtober_2024/GameSmithsDevtober24/Content/StarterContent/Audio/Starter_Wind06.uexp" 848
"C:/Users/d3mon/Documents/1IMPORTANT/University Work/Game Jams/Devtober_2024/GameSmithsDevtober24/Content/StarterContent/Audio/Starter_Wind05.ubulk" 849
"C:/Users/d3mon/Documents/1IMPORTANT/University Work/Game Jams/Devtober_2024/GameSmithsDevtober24/Content/StarterContent/Audio/Starter_Wind05.uasset" 850
"C:/Users/d3mon/Documents/1IMPORTANT/University Work/Game Jams/Devtober_2024/GameSmithsDevtober24/Content/StarterContent/Audio/Starter_Wind05.uexp" 851
"C:/Users/d3mon/Documents/1IMPORTANT/University Work/Game Jams/Devtober_2024/GameSmithsDevtober24/Content/StarterContent/Audio/Starter_Music01.ubulk" 852
"C:/Users/d3mon/Documents/1IMPORTANT/University Work/Game Jams/Devtober_2024/GameSmithsDevtober24/Content/StarterContent/Audio/Starter_Music01.uasset" 853
"C:/Users/d3mon/Documents/1IMPORTANT/University Work/Game Jams/Devtober_2024/GameSmithsDevtober24/Content/StarterContent/Audio/Starter_Music01.uexp" 854
"C:/Users/d3mon/Documents/1IMPORTANT/University Work/Game Jams/Devtober_2024/GameSmithsDevtober24/Content/StarterContent/Audio/Starter_Birds01.ubulk" 855
"C:/Users/d3mon/Documents/1IMPORTANT/University Work/Game Jams/Devtober_2024/GameSmithsDevtober24/Content/StarterContent/Audio/Starter_Birds01.uasset" 856
"C:/Users/d3mon/Documents/1IMPORTANT/University Work/Game Jams/Devtober_2024/GameSmithsDevtober24/Content/StarterContent/Audio/Starter_Birds01.uexp" 857
"C:/Users/d3mon/Documents/1IMPORTANT/University Work/Game Jams/Devtober_2024/GameSmithsDevtober24/Content/StarterContent/Audio/Smoke01.ubulk" 858
"C:/Users/d3mon/Documents/1IMPORTANT/University Work/Game Jams/Devtober_2024/GameSmithsDevtober24/Content/StarterContent/Audio/Smoke01.uasset" 859
"C:/Users/d3mon/Documents/1IMPORTANT/University Work/Game Jams/Devtober_2024/GameSmithsDevtober24/Content/StarterContent/Audio/Smoke01.uexp" 860
"C:/Users/d3mon/Documents/1IMPORTANT/University Work/Game Jams/Devtober_2024/GameSmithsDevtober24/Content/StarterContent/Audio/Light02_Cue.uasset" 861
"C:/Users/d3mon/Documents/1IMPORTANT/University Work/Game Jams/Devtober_2024/GameSmithsDevtober24/Content/StarterContent/Audio/Light02_Cue.uexp" 862
"C:/Users/d3mon/Documents/1IMPORTANT/University Work/Game Jams/Devtober_2024/GameSmithsDevtober24/Content/StarterContent/Audio/Light02.ubulk" 863
"C:/Users/d3mon/Documents/1IMPORTANT/University Work/Game Jams/Devtober_2024/GameSmithsDevtober24/Content/StarterContent/Audio/Light02.uasset" 864
"C:/Users/d3mon/Documents/1IMPORTANT/University Work/Game Jams/Devtober_2024/GameSmithsDevtober24/Content/StarterContent/Audio/Light02.uexp" 865
"C:/Users/d3mon/Documents/1IMPORTANT/University Work/Game Jams/Devtober_2024/GameSmithsDevtober24/Content/StarterContent/Audio/Light01_Cue.uasset" 866
"C:/Users/d3mon/Documents/1IMPORTANT/University Work/Game Jams/Devtober_2024/GameSmithsDevtober24/Content/StarterContent/Audio/Light01_Cue.uexp" 867
"C:/Users/d3mon/Documents/1IMPORTANT/University Work/Game Jams/Devtober_2024/GameSmithsDevtober24/Content/StarterContent/Audio/Light01.ubulk" 868
"C:/Users/d3mon/Documents/1IMPORTANT/University Work/Game Jams/Devtober_2024/GameSmithsDevtober24/Content/StarterContent/Audio/Light01.uasset" 869
"C:/Users/d3mon/Documents/1IMPORTANT/University Work/Game Jams/Devtober_2024/GameSmithsDevtober24/Content/StarterContent/Audio/Light01.uexp" 870
"C:/Users/d3mon/Documents/1IMPORTANT/University Work/Game Jams/Devtober_2024/GameSmithsDevtober24/Content/StarterContent/Audio/Fire_Sparks01.ubulk" 871
"C:/Users/d3mon/Documents/1IMPORTANT/University Work/Game Jams/Devtober_2024/GameSmithsDevtober24/Content/StarterContent/Audio/Fire_Sparks01.uasset" 872
"C:/Users/d3mon/Documents/1IMPORTANT/University Work/Game Jams/Devtober_2024/GameSmithsDevtober24/Content/StarterContent/Audio/Fire_Sparks01.uexp" 873
"C:/Users/d3mon/Documents/1IMPORTANT/University Work/Game Jams/Devtober_2024/GameSmithsDevtober24/Content/StarterContent/Audio/Fire01.ubulk" 874
"C:/Users/d3mon/Documents/1IMPORTANT/University Work/Game Jams/Devtober_2024/GameSmithsDevtober24/Content/StarterContent/Audio/Fire01.uasset" 875
"C:/Users/d3mon/Documents/1IMPORTANT/University Work/Game Jams/Devtober_2024/GameSmithsDevtober24/Content/StarterContent/Audio/Fire01.uexp" 876
"C:/Users/d3mon/Documents/1IMPORTANT/University Work/Game Jams/Devtober_2024/GameSmithsDevtober24/Content/StarterContent/Audio/Explosion02.ubulk" 877
"C:/Users/d3mon/Documents/1IMPORTANT/University Work/Game Jams/Devtober_2024/GameSmithsDevtober24/Content/StarterContent/Audio/Explosion02.uasset" 878
"C:/Users/d3mon/Documents/1IMPORTANT/University Work/Game Jams/Devtober_2024/GameSmithsDevtober24/Content/StarterContent/Audio/Explosion02.uexp" 879
"C:/Users/d3mon/Documents/1IMPORTANT/University Work/Game Jams/Devtober_2024/GameSmithsDevtober24/Content/StarterContent/Audio/Explosion01.ubulk" 880
"C:/Users/d3mon/Documents/1IMPORTANT/University Work/Game Jams/Devtober_2024/GameSmithsDevtober24/Content/StarterContent/Audio/Explosion01.uasset" 881
"C:/Users/d3mon/Documents/1IMPORTANT/University Work/Game Jams/Devtober_2024/GameSmithsDevtober24/Content/StarterContent/Audio/Explosion01.uexp" 882
"C:/Users/d3mon/Documents/1IMPORTANT/University Work/Game Jams/Devtober_2024/GameSmithsDevtober24/Content/StarterContent/Audio/Collapse02.ubulk" 883
"C:/Users/d3mon/Documents/1IMPORTANT/University Work/Game Jams/Devtober_2024/GameSmithsDevtober24/Content/StarterContent/Audio/Collapse02.uasset" 884
"C:/Users/d3mon/Documents/1IMPORTANT/University Work/Game Jams/Devtober_2024/GameSmithsDevtober24/Content/StarterContent/Audio/Collapse02.uexp" 885
"C:/Users/d3mon/Documents/1IMPORTANT/University Work/Game Jams/Devtober_2024/GameSmithsDevtober24/Content/StarterContent/Audio/Collapse01.ubulk" 886
"C:/Users/d3mon/Documents/1IMPORTANT/University Work/Game Jams/Devtober_2024/GameSmithsDevtober24/Content/StarterContent/Audio/Collapse01.uasset" 887
"C:/Users/d3mon/Documents/1IMPORTANT/University Work/Game Jams/Devtober_2024/GameSmithsDevtober24/Content/StarterContent/Audio/Collapse01.uexp" 888
"C:/Users/d3mon/Documents/1IMPORTANT/University Work/Game Jams/Devtober_2024/GameSmithsDevtober24/Content/StarterContent/Architecture/Wall_Window_400x400.ubulk" 889
"C:/Users/d3mon/Documents/1IMPORTANT/University Work/Game Jams/Devtober_2024/GameSmithsDevtober24/Content/StarterContent/Architecture/Wall_Window_400x400.uasset" 890
"C:/Users/d3mon/Documents/1IMPORTANT/University Work/Game Jams/Devtober_2024/GameSmithsDevtober24/Content/StarterContent/Architecture/Wall_Window_400x400.uexp" 891
"C:/Users/d3mon/Documents/1IMPORTANT/University Work/Game Jams/Devtober_2024/GameSmithsDevtober24/Content/StarterContent/Architecture/Wall_Door_400x400.ubulk" 892
"C:/Users/d3mon/Documents/1IMPORTANT/University Work/Game Jams/Devtober_2024/GameSmithsDevtober24/Content/StarterContent/Architecture/Wall_Door_400x400.uasset" 893
"C:/Users/d3mon/Documents/1IMPORTANT/University Work/Game Jams/Devtober_2024/GameSmithsDevtober24/Content/StarterContent/Architecture/Wall_Door_400x400.uexp" 894
"C:/Users/d3mon/Documents/1IMPORTANT/University Work/Game Jams/Devtober_2024/GameSmithsDevtober24/Content/StarterContent/Architecture/Wall_500x500.ubulk" 895
"C:/Users/d3mon/Documents/1IMPORTANT/University Work/Game Jams/Devtober_2024/GameSmithsDevtober24/Content/StarterContent/Architecture/Wall_500x500.uasset" 896
"C:/Users/d3mon/Documents/1IMPORTANT/University Work/Game Jams/Devtober_2024/GameSmithsDevtober24/Content/StarterContent/Architecture/Wall_500x500.uexp" 897
"C:/Users/d3mon/Documents/1IMPORTANT/University Work/Game Jams/Devtober_2024/GameSmithsDevtober24/Content/StarterContent/Architecture/Wall_400x400.ubulk" 898
"C:/Users/d3mon/Documents/1IMPORTANT/University Work/Game Jams/Devtober_2024/GameSmithsDevtober24/Content/StarterContent/Architecture/Wall_400x400.uasset" 899
"C:/Users/d3mon/Documents/1IMPORTANT/University Work/Game Jams/Devtober_2024/GameSmithsDevtober24/Content/StarterContent/Architecture/Wall_400x400.uexp" 900
"C:/Users/d3mon/Documents/1IMPORTANT/University Work/Game Jams/Devtober_2024/GameSmithsDevtober24/Content/StarterContent/Architecture/Wall_400x300.ubulk" 901
"C:/Users/d3mon/Documents/1IMPORTANT/University Work/Game Jams/Devtober_2024/GameSmithsDevtober24/Content/StarterContent/Architecture/Wall_400x300.uasset" 902
"C:/Users/d3mon/Documents/1IMPORTANT/University Work/Game Jams/Devtober_2024/GameSmithsDevtober24/Content/StarterContent/Architecture/Wall_400x300.uexp" 903
"C:/Users/d3mon/Documents/1IMPORTANT/University Work/Game Jams/Devtober_2024/GameSmithsDevtober24/Content/StarterContent/Architecture/Pillar_50x500.ubulk" 904
"C:/Users/d3mon/Documents/1IMPORTANT/University Work/Game Jams/Devtober_2024/GameSmithsDevtober24/Content/StarterContent/Architecture/Pillar_50x500.uasset" 905
"C:/Users/d3mon/Documents/1IMPORTANT/University Work/Game Jams/Devtober_2024/GameSmithsDevtober24/Content/StarterContent/Architecture/Pillar_50x500.uexp" 906
"C:/Users/d3mon/Documents/1IMPORTANT/University Work/Game Jams/Devtober_2024/GameSmithsDevtober24/Content/RoomGeneration/BP_HallTemplate.uasset" 907
"C:/Users/d3mon/Documents/1IMPORTANT/University Work/Game Jams/Devtober_2024/GameSmithsDevtober24/Content/RoomGeneration/BP_HallTemplate.uexp" 908
"C:/Users/d3mon/Documents/1IMPORTANT/University Work/Game Jams/Devtober_2024/GameSmithsDevtober24/Content/RoomGeneration/Data/E_HallWeightEntry.uasset" 909
"C:/Users/d3mon/Documents/1IMPORTANT/University Work/Game Jams/Devtober_2024/GameSmithsDevtober24/Content/RoomGeneration/Data/E_HallWeightEntry.uexp" 910
"../../../Engine/Content/BasicShapes/Plane.ubulk" 911
"../../../Engine/Content/BasicShapes/Plane.uasset" 912
"../../../Engine/Content/BasicShapes/Plane.uexp" 913
"C:/Users/d3mon/Documents/1IMPORTANT/University Work/Game Jams/Devtober_2024/GameSmithsDevtober24/Content/StarterContent/Textures/T_Ceramic_Tile_M.ubulk" 914
"C:/Users/d3mon/Documents/1IMPORTANT/University Work/Game Jams/Devtober_2024/GameSmithsDevtober24/Content/StarterContent/Textures/T_Ceramic_Tile_M.uasset" 915
"C:/Users/d3mon/Documents/1IMPORTANT/University Work/Game Jams/Devtober_2024/GameSmithsDevtober24/Content/StarterContent/Textures/T_Ceramic_Tile_M.uexp" 916
"C:/Users/d3mon/Documents/1IMPORTANT/University Work/Game Jams/Devtober_2024/GameSmithsDevtober24/Content/StarterContent/Textures/T_Rock_Marble_Polished_D.ubulk" 917
"C:/Users/d3mon/Documents/1IMPORTANT/University Work/Game Jams/Devtober_2024/GameSmithsDevtober24/Content/StarterContent/Textures/T_Rock_Marble_Polished_D.uasset" 918
"C:/Users/d3mon/Documents/1IMPORTANT/University Work/Game Jams/Devtober_2024/GameSmithsDevtober24/Content/StarterContent/Textures/T_Rock_Marble_Polished_D.uexp" 919
"C:/Users/d3mon/Documents/1IMPORTANT/University Work/Game Jams/Devtober_2024/GameSmithsDevtober24/Content/StarterContent/Textures/T_Ceramic_Tile_N.ubulk" 920
"C:/Users/d3mon/Documents/1IMPORTANT/University Work/Game Jams/Devtober_2024/GameSmithsDevtober24/Content/StarterContent/Textures/T_Ceramic_Tile_N.uasset" 921
"C:/Users/d3mon/Documents/1IMPORTANT/University Work/Game Jams/Devtober_2024/GameSmithsDevtober24/Content/StarterContent/Textures/T_Ceramic_Tile_N.uexp" 922
"C:/Users/d3mon/Documents/1IMPORTANT/University Work/Game Jams/Devtober_2024/GameSmithsDevtober24/Content/StarterContent/Textures/T_Perlin_Noise_M.ubulk" 923
"C:/Users/d3mon/Documents/1IMPORTANT/University Work/Game Jams/Devtober_2024/GameSmithsDevtober24/Content/StarterContent/Textures/T_Perlin_Noise_M.uasset" 924
"C:/Users/d3mon/Documents/1IMPORTANT/University Work/Game Jams/Devtober_2024/GameSmithsDevtober24/Content/StarterContent/Textures/T_Perlin_Noise_M.uexp" 925
"C:/Users/d3mon/Documents/1IMPORTANT/University Work/Game Jams/Devtober_2024/GameSmithsDevtober24/Content/StarterContent/Materials/M_Ceramic_Tile_Checker.uasset" 926
"C:/Users/d3mon/Documents/1IMPORTANT/University Work/Game Jams/Devtober_2024/GameSmithsDevtober24/Content/StarterContent/Materials/M_Ceramic_Tile_Checker.uexp" 927
"C:/Users/d3mon/Documents/1IMPORTANT/University Work/Game Jams/Devtober_2024/GameSmithsDevtober24/Content/RoomGeneration/Rooms/Debug/BP_DebugHall_Straight.uasset" 928
"C:/Users/d3mon/Documents/1IMPORTANT/University Work/Game Jams/Devtober_2024/GameSmithsDevtober24/Content/RoomGeneration/Rooms/Debug/BP_DebugHall_Straight.uexp" 929
"C:/Users/d3mon/Documents/1IMPORTANT/University Work/Game Jams/Devtober_2024/GameSmithsDevtober24/Content/RoomGeneration/Rooms/Debug/BP_DebugHall_StraightRaised.uasset" 930
"C:/Users/d3mon/Documents/1IMPORTANT/University Work/Game Jams/Devtober_2024/GameSmithsDevtober24/Content/RoomGeneration/Rooms/Debug/BP_DebugHall_StraightRaised.uexp" 931
"C:/Users/d3mon/Documents/1IMPORTANT/University Work/Game Jams/Devtober_2024/GameSmithsDevtober24/Content/RoomGeneration/Rooms/Debug/BP_DebugHall_CornerL.uasset" 932
"C:/Users/d3mon/Documents/1IMPORTANT/University Work/Game Jams/Devtober_2024/GameSmithsDevtober24/Content/RoomGeneration/Rooms/Debug/BP_DebugHall_CornerL.uexp" 933
"C:/Users/d3mon/Documents/1IMPORTANT/University Work/Game Jams/Devtober_2024/GameSmithsDevtober24/Content/RoomGeneration/Rooms/Debug/BP_DebugHall_CornerR.uasset" 934
"C:/Users/d3mon/Documents/1IMPORTANT/University Work/Game Jams/Devtober_2024/GameSmithsDevtober24/Content/RoomGeneration/Rooms/Debug/BP_DebugHall_CornerR.uexp" 935
"../../../Engine/Content/BasicShapes/Cube.ubulk" 936
"../../../Engine/Content/BasicShapes/Cube.uasset" 937
"../../../Engine/Content/BasicShapes/Cube.uexp" 938
"C:/Users/d3mon/Documents/1IMPORTANT/University Work/Game Jams/Devtober_2024/GameSmithsDevtober24/Content/Interfaces/BPI_PlayerCharacter.uasset" 939
"C:/Users/d3mon/Documents/1IMPORTANT/University Work/Game Jams/Devtober_2024/GameSmithsDevtober24/Content/Interfaces/BPI_PlayerCharacter.uexp" 940
"C:/Users/d3mon/Documents/1IMPORTANT/University Work/Game Jams/Devtober_2024/GameSmithsDevtober24/Content/Data/S_NormalFace.uasset" 941
"C:/Users/d3mon/Documents/1IMPORTANT/University Work/Game Jams/Devtober_2024/GameSmithsDevtober24/Content/Data/S_NormalFace.uexp" 942
"C:/Users/d3mon/Documents/1IMPORTANT/University Work/Game Jams/Devtober_2024/GameSmithsDevtober24/Content/Mechanics/ReboundPad/M_ReboundPad.uasset" 943
"C:/Users/d3mon/Documents/1IMPORTANT/University Work/Game Jams/Devtober_2024/GameSmithsDevtober24/Content/Mechanics/ReboundPad/M_ReboundPad.uexp" 944
"C:/Users/d3mon/Documents/1IMPORTANT/University Work/Game Jams/Devtober_2024/GameSmithsDevtober24/Content/SoundFX/shotgun_pump_cc0.ubulk" 945
"C:/Users/d3mon/Documents/1IMPORTANT/University Work/Game Jams/Devtober_2024/GameSmithsDevtober24/Content/SoundFX/shotgun_pump_cc0.uasset" 946
"C:/Users/d3mon/Documents/1IMPORTANT/University Work/Game Jams/Devtober_2024/GameSmithsDevtober24/Content/SoundFX/shotgun_pump_cc0.uexp" 947
"../../../Engine/Plugins/Animation/ACLPlugin/Content/ACLAnimBoneCompressionSettings.uasset" 948
"../../../Engine/Plugins/Animation/ACLPlugin/Content/ACLAnimBoneCompressionSettings.uexp" 949
"../../../Engine/Content/Animation/DefaultVariableFrameStrippingSettings.uasset" 950
"../../../Engine/Content/Animation/DefaultVariableFrameStrippingSettings.uexp" 951
"C:/Users/d3mon/Documents/1IMPORTANT/University Work/Game Jams/Devtober_2024/GameSmithsDevtober24/Content/DevAsset/Mesh/Character/HumanoidGeneric/HumanoidGenericViewmodelArms_Skeleton.uasset" 952
"C:/Users/d3mon/Documents/1IMPORTANT/University Work/Game Jams/Devtober_2024/GameSmithsDevtober24/Content/DevAsset/Mesh/Character/HumanoidGeneric/HumanoidGenericViewmodelArms_Skeleton.uexp" 953
"../../../Engine/Plugins/Animation/ACLPlugin/Content/ACLAnimCurveCompressionSettings.uasset" 954
"../../../Engine/Plugins/Animation/ACLPlugin/Content/ACLAnimCurveCompressionSettings.uexp" 955
"C:/Users/d3mon/Documents/1IMPORTANT/University Work/Game Jams/Devtober_2024/GameSmithsDevtober24/Content/Assets/Animation/Weapon/Shotgun001/HumanoidGenericViewmodelArms_FireAnimBundle_Armature_ShotgunFirePump.uasset" 956
"C:/Users/d3mon/Documents/1IMPORTANT/University Work/Game Jams/Devtober_2024/GameSmithsDevtober24/Content/Assets/Animation/Weapon/Shotgun001/HumanoidGenericViewmodelArms_FireAnimBundle_Armature_ShotgunFirePump.uexp" 957
"C:/Users/d3mon/Documents/1IMPORTANT/University Work/Game Jams/Devtober_2024/GameSmithsDevtober24/Content/FirstPerson/Input/Actions/IA_ChangeWeaponSpecific.uasset" 958
"C:/Users/d3mon/Documents/1IMPORTANT/University Work/Game Jams/Devtober_2024/GameSmithsDevtober24/Content/FirstPerson/Input/Actions/IA_ChangeWeaponSpecific.uexp" 959
"C:/Users/d3mon/Documents/1IMPORTANT/University Work/Game Jams/Devtober_2024/GameSmithsDevtober24/Content/SoundFX/shotgun_fire_cc0.ubulk" 960
"C:/Users/d3mon/Documents/1IMPORTANT/University Work/Game Jams/Devtober_2024/GameSmithsDevtober24/Content/SoundFX/shotgun_fire_cc0.uasset" 961
"C:/Users/d3mon/Documents/1IMPORTANT/University Work/Game Jams/Devtober_2024/GameSmithsDevtober24/Content/SoundFX/shotgun_fire_cc0.uexp" 962
"C:/Users/d3mon/Documents/1IMPORTANT/University Work/Game Jams/Devtober_2024/GameSmithsDevtober24/Content/SoundFX/empty-gun-shot-6209.ubulk" 963
"C:/Users/d3mon/Documents/1IMPORTANT/University Work/Game Jams/Devtober_2024/GameSmithsDevtober24/Content/SoundFX/empty-gun-shot-6209.uasset" 964
"C:/Users/d3mon/Documents/1IMPORTANT/University Work/Game Jams/Devtober_2024/GameSmithsDevtober24/Content/SoundFX/empty-gun-shot-6209.uexp" 965
"C:/Users/d3mon/Documents/1IMPORTANT/University Work/Game Jams/Devtober_2024/GameSmithsDevtober24/Content/FirstPerson/Input/Actions/IA_AltFire.uasset" 966
"C:/Users/d3mon/Documents/1IMPORTANT/University Work/Game Jams/Devtober_2024/GameSmithsDevtober24/Content/FirstPerson/Input/Actions/IA_AltFire.uexp" 967
"C:/Users/d3mon/Documents/1IMPORTANT/University Work/Game Jams/Devtober_2024/GameSmithsDevtober24/Content/FirstPerson/Input/Actions/IA_ChangeWeaponUp.uasset" 968
"C:/Users/d3mon/Documents/1IMPORTANT/University Work/Game Jams/Devtober_2024/GameSmithsDevtober24/Content/FirstPerson/Input/Actions/IA_ChangeWeaponUp.uexp" 969
"C:/Users/d3mon/Documents/1IMPORTANT/University Work/Game Jams/Devtober_2024/GameSmithsDevtober24/Content/FirstPerson/Input/Actions/IA_ChangeWeaponDown.uasset" 970
"C:/Users/d3mon/Documents/1IMPORTANT/University Work/Game Jams/Devtober_2024/GameSmithsDevtober24/Content/FirstPerson/Input/Actions/IA_ChangeWeaponDown.uexp" 971
"C:/Users/d3mon/Documents/1IMPORTANT/University Work/Game Jams/Devtober_2024/GameSmithsDevtober24/Content/FirstPerson/Input/Actions/IA_Shoot.uasset" 972
"C:/Users/d3mon/Documents/1IMPORTANT/University Work/Game Jams/Devtober_2024/GameSmithsDevtober24/Content/FirstPerson/Input/Actions/IA_Shoot.uexp" 973
"C:/Users/d3mon/Documents/1IMPORTANT/University Work/Game Jams/Devtober_2024/GameSmithsDevtober24/Content/FirstPerson/Input/IMC_Weapons.uasset" 974
"C:/Users/d3mon/Documents/1IMPORTANT/University Work/Game Jams/Devtober_2024/GameSmithsDevtober24/Content/FirstPerson/Input/IMC_Weapons.uexp" 975
"C:/Users/d3mon/Documents/1IMPORTANT/University Work/Game Jams/Devtober_2024/GameSmithsDevtober24/Content/UI/Images/transparent-crosshair-png-11-2611817648.ubulk" 976
"C:/Users/d3mon/Documents/1IMPORTANT/University Work/Game Jams/Devtober_2024/GameSmithsDevtober24/Content/UI/Images/transparent-crosshair-png-11-2611817648.uasset" 977
"C:/Users/d3mon/Documents/1IMPORTANT/University Work/Game Jams/Devtober_2024/GameSmithsDevtober24/Content/UI/Images/transparent-crosshair-png-11-2611817648.uexp" 978
"C:/Users/d3mon/Documents/1IMPORTANT/University Work/Game Jams/Devtober_2024/GameSmithsDevtober24/Content/UI/Images/health_meter.uasset" 979
"C:/Users/d3mon/Documents/1IMPORTANT/University Work/Game Jams/Devtober_2024/GameSmithsDevtober24/Content/UI/Images/health_meter.uexp" 980
"C:/Users/d3mon/Documents/1IMPORTANT/University Work/Game Jams/Devtober_2024/GameSmithsDevtober24/Content/Interfaces/BPI_HudUI.uasset" 981
"C:/Users/d3mon/Documents/1IMPORTANT/University Work/Game Jams/Devtober_2024/GameSmithsDevtober24/Content/Interfaces/BPI_HudUI.uexp" 982
"C:/Users/d3mon/Documents/1IMPORTANT/University Work/Game Jams/Devtober_2024/GameSmithsDevtober24/Content/UI/Images/icon_shell.uasset" 983
"C:/Users/d3mon/Documents/1IMPORTANT/University Work/Game Jams/Devtober_2024/GameSmithsDevtober24/Content/UI/Images/icon_shell.uexp" 984
"C:/Users/d3mon/Documents/1IMPORTANT/University Work/Game Jams/Devtober_2024/GameSmithsDevtober24/Content/UI/VCR_OSD_MONO_1_001.uexp" 985
"C:/Users/d3mon/Documents/1IMPORTANT/University Work/Game Jams/Devtober_2024/GameSmithsDevtober24/Content/UI/VCR_OSD_MONO_1_001.uasset" 986
"C:/Users/d3mon/Documents/1IMPORTANT/University Work/Game Jams/Devtober_2024/GameSmithsDevtober24/Content/UI/VCR_OSD_MONO_1_001.ufont" 987
"C:/Users/d3mon/Documents/1IMPORTANT/University Work/Game Jams/Devtober_2024/GameSmithsDevtober24/Content/UI/VCR_OSD_MONO_1_001_Font.uasset" 988
"C:/Users/d3mon/Documents/1IMPORTANT/University Work/Game Jams/Devtober_2024/GameSmithsDevtober24/Content/UI/VCR_OSD_MONO_1_001_Font.uexp" 989
"C:/Users/d3mon/Documents/1IMPORTANT/University Work/Game Jams/Devtober_2024/GameSmithsDevtober24/Content/UI/Images/icon_shotgun.uasset" 990
"C:/Users/d3mon/Documents/1IMPORTANT/University Work/Game Jams/Devtober_2024/GameSmithsDevtober24/Content/UI/Images/icon_shotgun.uexp" 991
"C:/Users/d3mon/Documents/1IMPORTANT/University Work/Game Jams/Devtober_2024/GameSmithsDevtober24/Content/UI/UI_AmmoCount.uasset" 992
"C:/Users/d3mon/Documents/1IMPORTANT/University Work/Game Jams/Devtober_2024/GameSmithsDevtober24/Content/UI/UI_AmmoCount.uexp" 993
"C:/Users/d3mon/Documents/1IMPORTANT/University Work/Game Jams/Devtober_2024/GameSmithsDevtober24/Content/SoundFX/shotgun_fire_cc0_heavy.ubulk" 994
"C:/Users/d3mon/Documents/1IMPORTANT/University Work/Game Jams/Devtober_2024/GameSmithsDevtober24/Content/SoundFX/shotgun_fire_cc0_heavy.uasset" 995
"C:/Users/d3mon/Documents/1IMPORTANT/University Work/Game Jams/Devtober_2024/GameSmithsDevtober24/Content/SoundFX/shotgun_fire_cc0_heavy.uexp" 996
"C:/Users/d3mon/Documents/1IMPORTANT/University Work/Game Jams/Devtober_2024/GameSmithsDevtober24/Content/FPWeapon/Mesh/SK_FPGun_Skeleton.uasset" 997
"C:/Users/d3mon/Documents/1IMPORTANT/University Work/Game Jams/Devtober_2024/GameSmithsDevtober24/Content/FPWeapon/Mesh/SK_FPGun_Skeleton.uexp" 998
"C:/Users/d3mon/Documents/1IMPORTANT/University Work/Game Jams/Devtober_2024/GameSmithsDevtober24/Content/FPWeapon/Materials/MaterialLayers/T_ML_Rubber_Blue_01_D.ubulk" 999
"C:/Users/d3mon/Documents/1IMPORTANT/University Work/Game Jams/Devtober_2024/GameSmithsDevtober24/Content/FPWeapon/Materials/MaterialLayers/T_ML_Rubber_Blue_01_D.uasset" 1000
"C:/Users/d3mon/Documents/1IMPORTANT/University Work/Game Jams/Devtober_2024/GameSmithsDevtober24/Content/FPWeapon/Materials/MaterialLayers/T_ML_Rubber_Blue_01_D.uexp" 1001
"C:/Users/d3mon/Documents/1IMPORTANT/University Work/Game Jams/Devtober_2024/GameSmithsDevtober24/Content/FPWeapon/Textures/T_FPGun_N.ubulk" 1002
"C:/Users/d3mon/Documents/1IMPORTANT/University Work/Game Jams/Devtober_2024/GameSmithsDevtober24/Content/FPWeapon/Textures/T_FPGun_N.uasset" 1003
"C:/Users/d3mon/Documents/1IMPORTANT/University Work/Game Jams/Devtober_2024/GameSmithsDevtober24/Content/FPWeapon/Textures/T_FPGun_N.uexp" 1004
"../../../Engine/Content/Functions/MaterialLayerFunctions/MatLayerBlend_NormalBlend.uasset" 1005
"../../../Engine/Content/Functions/MaterialLayerFunctions/MatLayerBlend_NormalBlend.uexp" 1006
"C:/Users/d3mon/Documents/1IMPORTANT/University Work/Game Jams/Devtober_2024/GameSmithsDevtober24/Content/FPWeapon/Materials/MaterialLayers/T_ML_Rubber_Blue_01_N.ubulk" 1007
"C:/Users/d3mon/Documents/1IMPORTANT/University Work/Game Jams/Devtober_2024/GameSmithsDevtober24/Content/FPWeapon/Materials/MaterialLayers/T_ML_Rubber_Blue_01_N.uasset" 1008
"C:/Users/d3mon/Documents/1IMPORTANT/University Work/Game Jams/Devtober_2024/GameSmithsDevtober24/Content/FPWeapon/Materials/MaterialLayers/T_ML_Rubber_Blue_01_N.uexp" 1009
"C:/Users/d3mon/Documents/1IMPORTANT/University Work/Game Jams/Devtober_2024/GameSmithsDevtober24/Content/FPWeapon/Materials/MaterialLayers/ML_Screen.uasset" 1010
"C:/Users/d3mon/Documents/1IMPORTANT/University Work/Game Jams/Devtober_2024/GameSmithsDevtober24/Content/FPWeapon/Materials/MaterialLayers/ML_Screen.uexp" 1011
"C:/Users/d3mon/Documents/1IMPORTANT/University Work/Game Jams/Devtober_2024/GameSmithsDevtober24/Content/FPWeapon/Materials/MaterialLayers/T_ML_Aluminum01_N.ubulk" 1012
"C:/Users/d3mon/Documents/1IMPORTANT/University Work/Game Jams/Devtober_2024/GameSmithsDevtober24/Content/FPWeapon/Materials/MaterialLayers/T_ML_Aluminum01_N.uasset" 1013
"C:/Users/d3mon/Documents/1IMPORTANT/University Work/Game Jams/Devtober_2024/GameSmithsDevtober24/Content/FPWeapon/Materials/MaterialLayers/T_ML_Aluminum01_N.uexp" 1014
"C:/Users/d3mon/Documents/1IMPORTANT/University Work/Game Jams/Devtober_2024/GameSmithsDevtober24/Content/FPWeapon/Materials/MaterialLayers/T_ML_Aluminum01.ubulk" 1015
"C:/Users/d3mon/Documents/1IMPORTANT/University Work/Game Jams/Devtober_2024/GameSmithsDevtober24/Content/FPWeapon/Materials/MaterialLayers/T_ML_Aluminum01.uasset" 1016
"C:/Users/d3mon/Documents/1IMPORTANT/University Work/Game Jams/Devtober_2024/GameSmithsDevtober24/Content/FPWeapon/Materials/MaterialLayers/T_ML_Aluminum01.uexp" 1017
"C:/Users/d3mon/Documents/1IMPORTANT/University Work/Game Jams/Devtober_2024/GameSmithsDevtober24/Content/FPWeapon/Materials/MaterialLayers/ML_SoftMetal_UE4.uasset" 1018
"C:/Users/d3mon/Documents/1IMPORTANT/University Work/Game Jams/Devtober_2024/GameSmithsDevtober24/Content/FPWeapon/Materials/MaterialLayers/ML_SoftMetal_UE4.uexp" 1019
"../../../Engine/Content/Functions/MaterialLayerFunctions/MatLayerBlend_Simple.uasset" 1020
"../../../Engine/Content/Functions/MaterialLayerFunctions/MatLayerBlend_Simple.uexp" 1021
"C:/Users/d3mon/Documents/1IMPORTANT/University Work/Game Jams/Devtober_2024/GameSmithsDevtober24/Content/FPWeapon/Textures/T_FPGun_M.ubulk" 1022
"C:/Users/d3mon/Documents/1IMPORTANT/University Work/Game Jams/Devtober_2024/GameSmithsDevtober24/Content/FPWeapon/Textures/T_FPGun_M.uasset" 1023
"C:/Users/d3mon/Documents/1IMPORTANT/University Work/Game Jams/Devtober_2024/GameSmithsDevtober24/Content/FPWeapon/Textures/T_FPGun_M.uexp" 1024
"C:/Users/d3mon/Documents/1IMPORTANT/University Work/Game Jams/Devtober_2024/GameSmithsDevtober24/Content/FPWeapon/Materials/MaterialLayers/ML_Plastic_Shiny_Beige.uasset" 1025
"C:/Users/d3mon/Documents/1IMPORTANT/University Work/Game Jams/Devtober_2024/GameSmithsDevtober24/Content/FPWeapon/Materials/MaterialLayers/ML_Plastic_Shiny_Beige.uexp" 1026
"C:/Users/d3mon/Documents/1IMPORTANT/University Work/Game Jams/Devtober_2024/GameSmithsDevtober24/Content/FPWeapon/Materials/MaterialLayers/ML_GlossyBlack_Latex_UE4.uasset" 1027
"C:/Users/d3mon/Documents/1IMPORTANT/University Work/Game Jams/Devtober_2024/GameSmithsDevtober24/Content/FPWeapon/Materials/MaterialLayers/ML_GlossyBlack_Latex_UE4.uexp" 1028
"C:/Users/d3mon/Documents/1IMPORTANT/University Work/Game Jams/Devtober_2024/GameSmithsDevtober24/Content/FPWeapon/Materials/M_FPGun.uasset" 1029
"C:/Users/d3mon/Documents/1IMPORTANT/University Work/Game Jams/Devtober_2024/GameSmithsDevtober24/Content/FPWeapon/Materials/M_FPGun.uexp" 1030
"C:/Users/d3mon/Documents/1IMPORTANT/University Work/Game Jams/Devtober_2024/GameSmithsDevtober24/Content/FPWeapon/Mesh/SK_FPGun_Physics.uasset" 1031
"C:/Users/d3mon/Documents/1IMPORTANT/University Work/Game Jams/Devtober_2024/GameSmithsDevtober24/Content/FPWeapon/Mesh/SK_FPGun_Physics.uexp" 1032
"C:/Users/d3mon/Documents/1IMPORTANT/University Work/Game Jams/Devtober_2024/GameSmithsDevtober24/Content/FPWeapon/Mesh/SK_FPGun.uasset" 1033
"C:/Users/d3mon/Documents/1IMPORTANT/University Work/Game Jams/Devtober_2024/GameSmithsDevtober24/Content/FPWeapon/Mesh/SK_FPGun.uexp" 1034
"C:/Users/d3mon/Documents/1IMPORTANT/University Work/Game Jams/Devtober_2024/GameSmithsDevtober24/Content/Particles/FX_ShotSpark.uasset" 1035
"C:/Users/d3mon/Documents/1IMPORTANT/University Work/Game Jams/Devtober_2024/GameSmithsDevtober24/Content/Particles/FX_ShotSpark.uexp" 1036
"C:/Users/d3mon/Documents/1IMPORTANT/University Work/Game Jams/Devtober_2024/GameSmithsDevtober24/Content/FPWeapon/Materials/BaseMaterial.uasset" 1037
"C:/Users/d3mon/Documents/1IMPORTANT/University Work/Game Jams/Devtober_2024/GameSmithsDevtober24/Content/FPWeapon/Materials/BaseMaterial.uexp" 1038
"C:/Users/d3mon/Documents/1IMPORTANT/University Work/Game Jams/Devtober_2024/GameSmithsDevtober24/Content/FPWeapon/Materials/FirstPersonProjectileMaterial.uasset" 1039
"C:/Users/d3mon/Documents/1IMPORTANT/University Work/Game Jams/Devtober_2024/GameSmithsDevtober24/Content/FPWeapon/Materials/FirstPersonProjectileMaterial.uexp" 1040
"C:/Users/d3mon/Documents/1IMPORTANT/University Work/Game Jams/Devtober_2024/GameSmithsDevtober24/Content/FPWeapon/Mesh/FirstPersonProjectileMesh.ubulk" 1041
"C:/Users/d3mon/Documents/1IMPORTANT/University Work/Game Jams/Devtober_2024/GameSmithsDevtober24/Content/FPWeapon/Mesh/FirstPersonProjectileMesh.uasset" 1042
"C:/Users/d3mon/Documents/1IMPORTANT/University Work/Game Jams/Devtober_2024/GameSmithsDevtober24/Content/FPWeapon/Mesh/FirstPersonProjectileMesh.uexp" 1043
"C:/Users/d3mon/Documents/1IMPORTANT/University Work/Game Jams/Devtober_2024/GameSmithsDevtober24/Content/FirstPerson/Blueprints/BP_FirstPersonProjectile.uasset" 1044
"C:/Users/d3mon/Documents/1IMPORTANT/University Work/Game Jams/Devtober_2024/GameSmithsDevtober24/Content/FirstPerson/Blueprints/BP_FirstPersonProjectile.uexp" 1045
"../../../Engine/Content/Animation/DefaultAnimCurveCompressionSettings.uasset" 1046
"../../../Engine/Content/Animation/DefaultAnimCurveCompressionSettings.uexp" 1047
"../../../Engine/Content/Animation/DefaultAnimBoneCompressionSettings.uasset" 1048
"../../../Engine/Content/Animation/DefaultAnimBoneCompressionSettings.uexp" 1049
"C:/Users/d3mon/Documents/1IMPORTANT/University Work/Game Jams/Devtober_2024/GameSmithsDevtober24/Content/FirstPersonArms/Character/Mesh/SK_Mannequin_Arms_Skeleton.uasset" 1050
"C:/Users/d3mon/Documents/1IMPORTANT/University Work/Game Jams/Devtober_2024/GameSmithsDevtober24/Content/FirstPersonArms/Character/Mesh/SK_Mannequin_Arms_Skeleton.uexp" 1051
"C:/Users/d3mon/Documents/1IMPORTANT/University Work/Game Jams/Devtober_2024/GameSmithsDevtober24/Content/FirstPersonArms/Animations/FP_Rifle_Fire.uasset" 1052
"C:/Users/d3mon/Documents/1IMPORTANT/University Work/Game Jams/Devtober_2024/GameSmithsDevtober24/Content/FirstPersonArms/Animations/FP_Rifle_Fire.uexp" 1053
"C:/Users/d3mon/Documents/1IMPORTANT/University Work/Game Jams/Devtober_2024/GameSmithsDevtober24/Content/FirstPersonArms/Animations/FP_Rifle_Shoot_Montage.uasset" 1054
"C:/Users/d3mon/Documents/1IMPORTANT/University Work/Game Jams/Devtober_2024/GameSmithsDevtober24/Content/FirstPersonArms/Animations/FP_Rifle_Shoot_Montage.uexp" 1055
"C:/Users/d3mon/Documents/1IMPORTANT/University Work/Game Jams/Devtober_2024/GameSmithsDevtober24/Content/FirstPersonArms/Animations/FP_Rifle_Idle.uasset" 1056
"C:/Users/d3mon/Documents/1IMPORTANT/University Work/Game Jams/Devtober_2024/GameSmithsDevtober24/Content/FirstPersonArms/Animations/FP_Rifle_Idle.uexp" 1057
"C:/Users/d3mon/Documents/1IMPORTANT/University Work/Game Jams/Devtober_2024/GameSmithsDevtober24/Content/FirstPersonArms/Animations/FP_Rifle_Land.uasset" 1058
"C:/Users/d3mon/Documents/1IMPORTANT/University Work/Game Jams/Devtober_2024/GameSmithsDevtober24/Content/FirstPersonArms/Animations/FP_Rifle_Land.uexp" 1059
"C:/Users/d3mon/Documents/1IMPORTANT/University Work/Game Jams/Devtober_2024/GameSmithsDevtober24/Content/FirstPersonArms/Animations/FP_Rifle_Run.uasset" 1060
"C:/Users/d3mon/Documents/1IMPORTANT/University Work/Game Jams/Devtober_2024/GameSmithsDevtober24/Content/FirstPersonArms/Animations/FP_Rifle_Run.uexp" 1061
"C:/Users/d3mon/Documents/1IMPORTANT/University Work/Game Jams/Devtober_2024/GameSmithsDevtober24/Content/FirstPersonArms/Animations/FP_Rifle_Falling.uasset" 1062
"C:/Users/d3mon/Documents/1IMPORTANT/University Work/Game Jams/Devtober_2024/GameSmithsDevtober24/Content/FirstPersonArms/Animations/FP_Rifle_Falling.uexp" 1063
"../../../Engine/Content/Animation/DefaultRecorderBoneCompression.uasset" 1064
"../../../Engine/Content/Animation/DefaultRecorderBoneCompression.uexp" 1065
"C:/Users/d3mon/Documents/1IMPORTANT/University Work/Game Jams/Devtober_2024/GameSmithsDevtober24/Content/FirstPersonArms/Animations/FP_Idle.uasset" 1066
"C:/Users/d3mon/Documents/1IMPORTANT/University Work/Game Jams/Devtober_2024/GameSmithsDevtober24/Content/FirstPersonArms/Animations/FP_Idle.uexp" 1067
"C:/Users/d3mon/Documents/1IMPORTANT/University Work/Game Jams/Devtober_2024/GameSmithsDevtober24/Content/FirstPersonArms/Animations/FP_Jump.uasset" 1068
"C:/Users/d3mon/Documents/1IMPORTANT/University Work/Game Jams/Devtober_2024/GameSmithsDevtober24/Content/FirstPersonArms/Animations/FP_Jump.uexp" 1069
"C:/Users/d3mon/Documents/1IMPORTANT/University Work/Game Jams/Devtober_2024/GameSmithsDevtober24/Content/FirstPersonArms/Animations/FP_Run_Fwd.uasset" 1070
"C:/Users/d3mon/Documents/1IMPORTANT/University Work/Game Jams/Devtober_2024/GameSmithsDevtober24/Content/FirstPersonArms/Animations/FP_Run_Fwd.uexp" 1071
"C:/Users/d3mon/Documents/1IMPORTANT/University Work/Game Jams/Devtober_2024/GameSmithsDevtober24/Content/FirstPersonArms/Animations/FP_Land.uasset" 1072
"C:/Users/d3mon/Documents/1IMPORTANT/University Work/Game Jams/Devtober_2024/GameSmithsDevtober24/Content/FirstPersonArms/Animations/FP_Land.uexp" 1073
"C:/Users/d3mon/Documents/1IMPORTANT/University Work/Game Jams/Devtober_2024/GameSmithsDevtober24/Content/FirstPersonArms/Animations/FP_Falling.uasset" 1074
"C:/Users/d3mon/Documents/1IMPORTANT/University Work/Game Jams/Devtober_2024/GameSmithsDevtober24/Content/FirstPersonArms/Animations/FP_Falling.uexp" 1075
"C:/Users/d3mon/Documents/1IMPORTANT/University Work/Game Jams/Devtober_2024/GameSmithsDevtober24/Content/FirstPersonArms/Animations/FP_Rifle_Jump.uasset" 1076
"C:/Users/d3mon/Documents/1IMPORTANT/University Work/Game Jams/Devtober_2024/GameSmithsDevtober24/Content/FirstPersonArms/Animations/FP_Rifle_Jump.uexp" 1077
"C:/Users/d3mon/Documents/1IMPORTANT/University Work/Game Jams/Devtober_2024/GameSmithsDevtober24/Content/FirstPersonArms/Animations/FirstPerson_AnimBP.uasset" 1078
"C:/Users/d3mon/Documents/1IMPORTANT/University Work/Game Jams/Devtober_2024/GameSmithsDevtober24/Content/FirstPersonArms/Animations/FirstPerson_AnimBP.uexp" 1079
"C:/Users/d3mon/Documents/1IMPORTANT/University Work/Game Jams/Devtober_2024/GameSmithsDevtober24/Content/GameInstances/PrimGameInstance.uasset" 1080
"C:/Users/d3mon/Documents/1IMPORTANT/University Work/Game Jams/Devtober_2024/GameSmithsDevtober24/Content/GameInstances/PrimGameInstance.uexp" 1081
"C:/Users/d3mon/Documents/1IMPORTANT/University Work/Game Jams/Devtober_2024/GameSmithsDevtober24/Content/FirstPerson/Blueprints/BP_Weapon_Component.uasset" 1082
"C:/Users/d3mon/Documents/1IMPORTANT/University Work/Game Jams/Devtober_2024/GameSmithsDevtober24/Content/FirstPerson/Blueprints/BP_Weapon_Component.uexp" 1083
"C:/Users/d3mon/Documents/1IMPORTANT/University Work/Game Jams/Devtober_2024/GameSmithsDevtober24/Content/FirstPerson/Input/Actions/IA_Look.uasset" 1084
"C:/Users/d3mon/Documents/1IMPORTANT/University Work/Game Jams/Devtober_2024/GameSmithsDevtober24/Content/FirstPerson/Input/Actions/IA_Look.uexp" 1085
"C:/Users/d3mon/Documents/1IMPORTANT/University Work/Game Jams/Devtober_2024/GameSmithsDevtober24/Content/Save/MainSave.uasset" 1086
"C:/Users/d3mon/Documents/1IMPORTANT/University Work/Game Jams/Devtober_2024/GameSmithsDevtober24/Content/Save/MainSave.uexp" 1087
"C:/Users/d3mon/Documents/1IMPORTANT/University Work/Game Jams/Devtober_2024/GameSmithsDevtober24/Content/Weapons/BP_WeaponContainer.uasset" 1088
"C:/Users/d3mon/Documents/1IMPORTANT/University Work/Game Jams/Devtober_2024/GameSmithsDevtober24/Content/Weapons/BP_WeaponContainer.uexp" 1089
"C:/Users/d3mon/Documents/1IMPORTANT/University Work/Game Jams/Devtober_2024/GameSmithsDevtober24/Content/Data/S_InputState.uasset" 1090
"C:/Users/d3mon/Documents/1IMPORTANT/University Work/Game Jams/Devtober_2024/GameSmithsDevtober24/Content/Data/S_InputState.uexp" 1091
"C:/Users/d3mon/Documents/1IMPORTANT/University Work/Game Jams/Devtober_2024/GameSmithsDevtober24/Content/Data/S_InputType.uasset" 1092
"C:/Users/d3mon/Documents/1IMPORTANT/University Work/Game Jams/Devtober_2024/GameSmithsDevtober24/Content/Data/S_InputType.uexp" 1093
"C:/Users/d3mon/Documents/1IMPORTANT/University Work/Game Jams/Devtober_2024/GameSmithsDevtober24/Content/Interfaces/BPI_WeaponManager.uasset" 1094
"C:/Users/d3mon/Documents/1IMPORTANT/University Work/Game Jams/Devtober_2024/GameSmithsDevtober24/Content/Interfaces/BPI_WeaponManager.uexp" 1095
"C:/Users/d3mon/Documents/1IMPORTANT/University Work/Game Jams/Devtober_2024/GameSmithsDevtober24/Content/UI/UI_PauseMenu.uasset" 1096
"C:/Users/d3mon/Documents/1IMPORTANT/University Work/Game Jams/Devtober_2024/GameSmithsDevtober24/Content/UI/UI_PauseMenu.uexp" 1097
"C:/Users/d3mon/Documents/1IMPORTANT/University Work/Game Jams/Devtober_2024/GameSmithsDevtober24/Content/FirstPerson/Input/Actions/IA_Move.uasset" 1098
"C:/Users/d3mon/Documents/1IMPORTANT/University Work/Game Jams/Devtober_2024/GameSmithsDevtober24/Content/FirstPerson/Input/Actions/IA_Move.uexp" 1099
"C:/Users/d3mon/Documents/1IMPORTANT/University Work/Game Jams/Devtober_2024/GameSmithsDevtober24/Content/DevAsset/Mesh/Character/HumanoidGeneric/HumanoidGeneric_Mafia001.ubulk" 1100
"C:/Users/d3mon/Documents/1IMPORTANT/University Work/Game Jams/Devtober_2024/GameSmithsDevtober24/Content/DevAsset/Mesh/Character/HumanoidGeneric/HumanoidGeneric_Mafia001.uasset" 1101
"C:/Users/d3mon/Documents/1IMPORTANT/University Work/Game Jams/Devtober_2024/GameSmithsDevtober24/Content/DevAsset/Mesh/Character/HumanoidGeneric/HumanoidGeneric_Mafia001.uexp" 1102
"C:/Users/d3mon/Documents/1IMPORTANT/University Work/Game Jams/Devtober_2024/GameSmithsDevtober24/Content/DevAsset/Mesh/Character/HumanoidGeneric/Material.uasset" 1103
"C:/Users/d3mon/Documents/1IMPORTANT/University Work/Game Jams/Devtober_2024/GameSmithsDevtober24/Content/DevAsset/Mesh/Character/HumanoidGeneric/Material.uexp" 1104
"C:/Users/d3mon/Documents/1IMPORTANT/University Work/Game Jams/Devtober_2024/GameSmithsDevtober24/Content/DevAsset/Mesh/Character/HumanoidGeneric/HumanoidGenericViewmodelArms_PhysicsAsset.uasset" 1105
"C:/Users/d3mon/Documents/1IMPORTANT/University Work/Game Jams/Devtober_2024/GameSmithsDevtober24/Content/DevAsset/Mesh/Character/HumanoidGeneric/HumanoidGenericViewmodelArms_PhysicsAsset.uexp" 1106
"C:/Users/d3mon/Documents/1IMPORTANT/University Work/Game Jams/Devtober_2024/GameSmithsDevtober24/Content/DevAsset/Mesh/Character/HumanoidGeneric/HumanoidGenericViewmodelArms.uasset" 1107
"C:/Users/d3mon/Documents/1IMPORTANT/University Work/Game Jams/Devtober_2024/GameSmithsDevtober24/Content/DevAsset/Mesh/Character/HumanoidGeneric/HumanoidGenericViewmodelArms.uexp" 1108
"C:/Users/d3mon/Documents/1IMPORTANT/University Work/Game Jams/Devtober_2024/GameSmithsDevtober24/Content/DevAsset/Mesh/Weapon/Shotgun/shotgun001_PhysicsAsset.uasset" 1109
"C:/Users/d3mon/Documents/1IMPORTANT/University Work/Game Jams/Devtober_2024/GameSmithsDevtober24/Content/DevAsset/Mesh/Weapon/Shotgun/shotgun001_PhysicsAsset.uexp" 1110
"C:/Users/d3mon/Documents/1IMPORTANT/University Work/Game Jams/Devtober_2024/GameSmithsDevtober24/Content/DevAsset/Mesh/Weapon/Shotgun/shotgun001_Skeleton.uasset" 1111
"C:/Users/d3mon/Documents/1IMPORTANT/University Work/Game Jams/Devtober_2024/GameSmithsDevtober24/Content/DevAsset/Mesh/Weapon/Shotgun/shotgun001_Skeleton.uexp" 1112
"C:/Users/d3mon/Documents/1IMPORTANT/University Work/Game Jams/Devtober_2024/GameSmithsDevtober24/Content/DevAsset/Mesh/Weapon/Shotgun/shotgun001_Albedo.ubulk" 1113
"C:/Users/d3mon/Documents/1IMPORTANT/University Work/Game Jams/Devtober_2024/GameSmithsDevtober24/Content/DevAsset/Mesh/Weapon/Shotgun/shotgun001_Albedo.uasset" 1114
"C:/Users/d3mon/Documents/1IMPORTANT/University Work/Game Jams/Devtober_2024/GameSmithsDevtober24/Content/DevAsset/Mesh/Weapon/Shotgun/shotgun001_Albedo.uexp" 1115
"C:/Users/d3mon/Documents/1IMPORTANT/University Work/Game Jams/Devtober_2024/GameSmithsDevtober24/Content/DevAsset/Mesh/Weapon/Shotgun/shotgun001_normal.ubulk" 1116
"C:/Users/d3mon/Documents/1IMPORTANT/University Work/Game Jams/Devtober_2024/GameSmithsDevtober24/Content/DevAsset/Mesh/Weapon/Shotgun/shotgun001_normal.uasset" 1117
"C:/Users/d3mon/Documents/1IMPORTANT/University Work/Game Jams/Devtober_2024/GameSmithsDevtober24/Content/DevAsset/Mesh/Weapon/Shotgun/shotgun001_normal.uexp" 1118
"C:/Users/d3mon/Documents/1IMPORTANT/University Work/Game Jams/Devtober_2024/GameSmithsDevtober24/Content/DevAsset/Mesh/Weapon/Shotgun/shotgun001_roughness.ubulk" 1119
"C:/Users/d3mon/Documents/1IMPORTANT/University Work/Game Jams/Devtober_2024/GameSmithsDevtober24/Content/DevAsset/Mesh/Weapon/Shotgun/shotgun001_roughness.uasset" 1120
"C:/Users/d3mon/Documents/1IMPORTANT/University Work/Game Jams/Devtober_2024/GameSmithsDevtober24/Content/DevAsset/Mesh/Weapon/Shotgun/shotgun001_roughness.uexp" 1121
"C:/Users/d3mon/Documents/1IMPORTANT/University Work/Game Jams/Devtober_2024/GameSmithsDevtober24/Content/DevAsset/Mesh/Weapon/Shotgun/shotgun001_metalness.ubulk" 1122
"C:/Users/d3mon/Documents/1IMPORTANT/University Work/Game Jams/Devtober_2024/GameSmithsDevtober24/Content/DevAsset/Mesh/Weapon/Shotgun/shotgun001_metalness.uasset" 1123
"C:/Users/d3mon/Documents/1IMPORTANT/University Work/Game Jams/Devtober_2024/GameSmithsDevtober24/Content/DevAsset/Mesh/Weapon/Shotgun/shotgun001_metalness.uexp" 1124
"C:/Users/d3mon/Documents/1IMPORTANT/University Work/Game Jams/Devtober_2024/GameSmithsDevtober24/Content/DevAsset/Mesh/Weapon/Shotgun/M_Shotgun001.uasset" 1125
"C:/Users/d3mon/Documents/1IMPORTANT/University Work/Game Jams/Devtober_2024/GameSmithsDevtober24/Content/DevAsset/Mesh/Weapon/Shotgun/M_Shotgun001.uexp" 1126
"C:/Users/d3mon/Documents/1IMPORTANT/University Work/Game Jams/Devtober_2024/GameSmithsDevtober24/Content/DevAsset/Mesh/Weapon/Shotgun/shotgun001.uasset" 1127
"C:/Users/d3mon/Documents/1IMPORTANT/University Work/Game Jams/Devtober_2024/GameSmithsDevtober24/Content/DevAsset/Mesh/Weapon/Shotgun/shotgun001.uexp" 1128
"C:/Users/d3mon/Documents/1IMPORTANT/University Work/Game Jams/Devtober_2024/GameSmithsDevtober24/Content/Weapons/BP_Shotgun001Container.uasset" 1129
"C:/Users/d3mon/Documents/1IMPORTANT/University Work/Game Jams/Devtober_2024/GameSmithsDevtober24/Content/Weapons/BP_Shotgun001Container.uexp" 1130
"C:/Users/d3mon/Documents/1IMPORTANT/University Work/Game Jams/Devtober_2024/GameSmithsDevtober24/Content/Interfaces/BPI_Damage_Handling.uasset" 1131
"C:/Users/d3mon/Documents/1IMPORTANT/University Work/Game Jams/Devtober_2024/GameSmithsDevtober24/Content/Interfaces/BPI_Damage_Handling.uexp" 1132
"C:/Users/d3mon/Documents/1IMPORTANT/University Work/Game Jams/Devtober_2024/GameSmithsDevtober24/Content/DevAsset/Mesh/Character/HumanoidGeneric/HumanoidGenericViewmodelArmsIdleSG1_Armature_IdleShotgun.uasset" 1133
"C:/Users/d3mon/Documents/1IMPORTANT/University Work/Game Jams/Devtober_2024/GameSmithsDevtober24/Content/DevAsset/Mesh/Character/HumanoidGeneric/HumanoidGenericViewmodelArmsIdleSG1_Armature_IdleShotgun.uexp" 1134
"C:/Users/d3mon/Documents/1IMPORTANT/University Work/Game Jams/Devtober_2024/GameSmithsDevtober24/Content/FirstPerson/Blueprints/BP_WeaponManager.uasset" 1135
"C:/Users/d3mon/Documents/1IMPORTANT/University Work/Game Jams/Devtober_2024/GameSmithsDevtober24/Content/FirstPerson/Blueprints/BP_WeaponManager.uexp" 1136
"C:/Users/d3mon/Documents/1IMPORTANT/University Work/Game Jams/Devtober_2024/GameSmithsDevtober24/Content/FirstPerson/Input/Actions/IA_Jump.uasset" 1137
"C:/Users/d3mon/Documents/1IMPORTANT/University Work/Game Jams/Devtober_2024/GameSmithsDevtober24/Content/FirstPerson/Input/Actions/IA_Jump.uexp" 1138
"C:/Users/d3mon/Documents/1IMPORTANT/University Work/Game Jams/Devtober_2024/GameSmithsDevtober24/Content/FirstPerson/Blueprints/BP_FirstPersonCharacter.uasset" 1139
"C:/Users/d3mon/Documents/1IMPORTANT/University Work/Game Jams/Devtober_2024/GameSmithsDevtober24/Content/FirstPerson/Blueprints/BP_FirstPersonCharacter.uexp" 1140
"C:/Users/d3mon/Documents/1IMPORTANT/University Work/Game Jams/Devtober_2024/GameSmithsDevtober24/Content/Mechanics/ReboundPad/BP_ReboundPad.uasset" 1141
"C:/Users/d3mon/Documents/1IMPORTANT/University Work/Game Jams/Devtober_2024/GameSmithsDevtober24/Content/Mechanics/ReboundPad/BP_ReboundPad.uexp" 1142
"C:/Users/d3mon/Documents/1IMPORTANT/University Work/Game Jams/Devtober_2024/GameSmithsDevtober24/Content/RoomGeneration/Rooms/Debug/BP_DebugHall_UpOver.uasset" 1143
"C:/Users/d3mon/Documents/1IMPORTANT/University Work/Game Jams/Devtober_2024/GameSmithsDevtober24/Content/RoomGeneration/Rooms/Debug/BP_DebugHall_UpOver.uexp" 1144
"C:/Users/d3mon/Documents/1IMPORTANT/University Work/Game Jams/Devtober_2024/GameSmithsDevtober24/Content/RoomGeneration/Data/DT_DebugSet.uasset" 1145
"C:/Users/d3mon/Documents/1IMPORTANT/University Work/Game Jams/Devtober_2024/GameSmithsDevtober24/Content/RoomGeneration/Data/DT_DebugSet.uexp" 1146
"C:/Users/d3mon/Documents/1IMPORTANT/University Work/Game Jams/Devtober_2024/GameSmithsDevtober24/Content/LevelPrototyping/Textures/T_GridChecker_A.ubulk" 1147
"C:/Users/d3mon/Documents/1IMPORTANT/University Work/Game Jams/Devtober_2024/GameSmithsDevtober24/Content/LevelPrototyping/Textures/T_GridChecker_A.uasset" 1148
"C:/Users/d3mon/Documents/1IMPORTANT/University Work/Game Jams/Devtober_2024/GameSmithsDevtober24/Content/LevelPrototyping/Textures/T_GridChecker_A.uexp" 1149
"C:/Users/d3mon/Documents/1IMPORTANT/University Work/Game Jams/Devtober_2024/GameSmithsDevtober24/Content/LevelPrototyping/Materials/MF_ProcGrid.uasset" 1150
"C:/Users/d3mon/Documents/1IMPORTANT/University Work/Game Jams/Devtober_2024/GameSmithsDevtober24/Content/LevelPrototyping/Materials/MF_ProcGrid.uexp" 1151
"C:/Users/d3mon/Documents/1IMPORTANT/University Work/Game Jams/Devtober_2024/GameSmithsDevtober24/Content/LevelPrototyping/Materials/M_PrototypeGrid.uasset" 1152
"C:/Users/d3mon/Documents/1IMPORTANT/University Work/Game Jams/Devtober_2024/GameSmithsDevtober24/Content/LevelPrototyping/Materials/M_PrototypeGrid.uexp" 1153
"C:/Users/d3mon/Documents/1IMPORTANT/University Work/Game Jams/Devtober_2024/GameSmithsDevtober24/Content/LevelPrototyping/Materials/MI_PrototypeGrid_Gray.uasset" 1154
"C:/Users/d3mon/Documents/1IMPORTANT/University Work/Game Jams/Devtober_2024/GameSmithsDevtober24/Content/LevelPrototyping/Materials/MI_PrototypeGrid_Gray.uexp" 1155
"C:/Users/d3mon/Documents/1IMPORTANT/University Work/Game Jams/Devtober_2024/GameSmithsDevtober24/Content/LevelPrototyping/Meshes/SM_Cylinder.ubulk" 1156
"C:/Users/d3mon/Documents/1IMPORTANT/University Work/Game Jams/Devtober_2024/GameSmithsDevtober24/Content/LevelPrototyping/Meshes/SM_Cylinder.uasset" 1157
"C:/Users/d3mon/Documents/1IMPORTANT/University Work/Game Jams/Devtober_2024/GameSmithsDevtober24/Content/LevelPrototyping/Meshes/SM_Cylinder.uexp" 1158
"C:/Users/d3mon/Documents/1IMPORTANT/University Work/Game Jams/Devtober_2024/GameSmithsDevtober24/Content/LevelPrototyping/Materials/MI_PrototypeGrid_Gray_02.uasset" 1159
"C:/Users/d3mon/Documents/1IMPORTANT/University Work/Game Jams/Devtober_2024/GameSmithsDevtober24/Content/LevelPrototyping/Materials/MI_PrototypeGrid_Gray_02.uexp" 1160
"C:/Users/d3mon/Documents/1IMPORTANT/University Work/Game Jams/Devtober_2024/GameSmithsDevtober24/Content/FPWeapon/Mesh/SK_FPGun_PhysicsAsset.uasset" 1161
"C:/Users/d3mon/Documents/1IMPORTANT/University Work/Game Jams/Devtober_2024/GameSmithsDevtober24/Content/FPWeapon/Mesh/SK_FPGun_PhysicsAsset.uexp" 1162
"C:/Users/d3mon/Documents/1IMPORTANT/University Work/Game Jams/Devtober_2024/GameSmithsDevtober24/Content/FPWeapon/Audio/FirstPersonTemplateWeaponFire02.ubulk" 1163
"C:/Users/d3mon/Documents/1IMPORTANT/University Work/Game Jams/Devtober_2024/GameSmithsDevtober24/Content/FPWeapon/Audio/FirstPersonTemplateWeaponFire02.uasset" 1164
"C:/Users/d3mon/Documents/1IMPORTANT/University Work/Game Jams/Devtober_2024/GameSmithsDevtober24/Content/FPWeapon/Audio/FirstPersonTemplateWeaponFire02.uexp" 1165
"C:/Users/d3mon/Documents/1IMPORTANT/University Work/Game Jams/Devtober_2024/GameSmithsDevtober24/Content/FirstPerson/Maps/FirstPersonMap_BuiltData.ubulk" 1166
"C:/Users/d3mon/Documents/1IMPORTANT/University Work/Game Jams/Devtober_2024/GameSmithsDevtober24/Content/FirstPerson/Maps/FirstPersonMap_BuiltData.uasset" 1167
"C:/Users/d3mon/Documents/1IMPORTANT/University Work/Game Jams/Devtober_2024/GameSmithsDevtober24/Content/FirstPerson/Maps/FirstPersonMap_BuiltData.uexp" 1168
"../../../Engine/Content/MobileResources/HUD/VirtualJoystick_Background.uasset" 1169
"../../../Engine/Content/MobileResources/HUD/VirtualJoystick_Background.uexp" 1170
"../../../Engine/Content/MobileResources/HUD/VirtualJoystick_Thumb.uasset" 1171
"../../../Engine/Content/MobileResources/HUD/VirtualJoystick_Thumb.uexp" 1172
"C:/Users/d3mon/Documents/1IMPORTANT/University Work/Game Jams/Devtober_2024/GameSmithsDevtober24/Content/FirstPerson/Input/MobileControls.uasset" 1173
"C:/Users/d3mon/Documents/1IMPORTANT/University Work/Game Jams/Devtober_2024/GameSmithsDevtober24/Content/FirstPerson/Input/MobileControls.uexp" 1174
"C:/Users/d3mon/Documents/1IMPORTANT/University Work/Game Jams/Devtober_2024/GameSmithsDevtober24/Content/FirstPerson/Blueprints/BP_Pickup_Rifle.uasset" 1175
"C:/Users/d3mon/Documents/1IMPORTANT/University Work/Game Jams/Devtober_2024/GameSmithsDevtober24/Content/FirstPerson/Blueprints/BP_Pickup_Rifle.uexp" 1176
"../../../Engine/Plugins/Interchange/Runtime/Content/gltf/MaterialFunctions/MF_RotateV2.uasset" 1177
"../../../Engine/Plugins/Interchange/Runtime/Content/gltf/MaterialFunctions/MF_RotateV2.uexp" 1178
"../../../Engine/Plugins/Interchange/Runtime/Content/gltf/MaterialFunctions/MF_TransformUVs.uasset" 1179
"../../../Engine/Plugins/Interchange/Runtime/Content/gltf/MaterialFunctions/MF_TransformUVs.uexp" 1180
"../../../Engine/Plugins/Interchange/Runtime/Content/gltf/Textures/T_White_srgb.uasset" 1181
"../../../Engine/Plugins/Interchange/Runtime/Content/gltf/Textures/T_White_srgb.uexp" 1182
"../../../Engine/Plugins/Interchange/Runtime/Content/gltf/MaterialFunctions/MF_BaseColor.uasset" 1183
"../../../Engine/Plugins/Interchange/Runtime/Content/gltf/MaterialFunctions/MF_BaseColor.uexp" 1184
"../../../Engine/Plugins/Interchange/Runtime/Content/gltf/MaterialBodies/MF_Unlit_Body.uasset" 1185
"../../../Engine/Plugins/Interchange/Runtime/Content/gltf/MaterialBodies/MF_Unlit_Body.uexp" 1186
"../../../Engine/Plugins/Interchange/Runtime/Content/gltf/M_Unlit.uasset" 1187
"../../../Engine/Plugins/Interchange/Runtime/Content/gltf/M_Unlit.uexp" 1188
"../../../Engine/Plugins/Interchange/Runtime/Content/gltf/MaterialInstances/MI_Unlit_Opaque_DS.uasset" 1189
"../../../Engine/Plugins/Interchange/Runtime/Content/gltf/MaterialInstances/MI_Unlit_Opaque_DS.uexp" 1190
"../../../Engine/Plugins/Interchange/Runtime/Content/gltf/MaterialInstances/MI_Unlit_Opaque.uasset" 1191
"../../../Engine/Plugins/Interchange/Runtime/Content/gltf/MaterialInstances/MI_Unlit_Opaque.uexp" 1192
"../../../Engine/Plugins/Interchange/Runtime/Content/gltf/MaterialInstances/MI_Unlit_Mask_DS.uasset" 1193
"../../../Engine/Plugins/Interchange/Runtime/Content/gltf/MaterialInstances/MI_Unlit_Mask_DS.uexp" 1194
"../../../Engine/Plugins/Interchange/Runtime/Content/gltf/MaterialInstances/MI_Unlit_Mask.uasset" 1195
"../../../Engine/Plugins/Interchange/Runtime/Content/gltf/MaterialInstances/MI_Unlit_Mask.uexp" 1196
"../../../Engine/Plugins/Interchange/Runtime/Content/gltf/MaterialInstances/MI_Unlit_Blend_DS.uasset" 1197
"../../../Engine/Plugins/Interchange/Runtime/Content/gltf/MaterialInstances/MI_Unlit_Blend_DS.uexp" 1198
"../../../Engine/Plugins/Interchange/Runtime/Content/gltf/MaterialInstances/MI_Unlit_Blend.uasset" 1199
"../../../Engine/Plugins/Interchange/Runtime/Content/gltf/MaterialInstances/MI_Unlit_Blend.uexp" 1200
"../../../Engine/Plugins/Interchange/Runtime/Content/gltf/MaterialFunctions/MF_Iridescence.uasset" 1201
"../../../Engine/Plugins/Interchange/Runtime/Content/gltf/MaterialFunctions/MF_Iridescence.uexp" 1202
"../../../Engine/Plugins/Interchange/Runtime/Content/gltf/Textures/T_White_Linear.uasset" 1203
"../../../Engine/Plugins/Interchange/Runtime/Content/gltf/Textures/T_White_Linear.uexp" 1204
"../../../Engine/Plugins/Interchange/Runtime/Content/gltf/MaterialFunctions/MF_MetallicRoughness.uasset" 1205
"../../../Engine/Plugins/Interchange/Runtime/Content/gltf/MaterialFunctions/MF_MetallicRoughness.uexp" 1206
"../../../Engine/Plugins/Interchange/Runtime/Content/gltf/MaterialFunctions/MF_Transmission.uasset" 1207
"../../../Engine/Plugins/Interchange/Runtime/Content/gltf/MaterialFunctions/MF_Transmission.uexp" 1208
"../../../Engine/Plugins/Interchange/Runtime/Content/gltf/MaterialFunctions/MF_Occlusion.uasset" 1209
"../../../Engine/Plugins/Interchange/Runtime/Content/gltf/MaterialFunctions/MF_Occlusion.uexp" 1210
"../../../Engine/Plugins/Interchange/Runtime/Content/gltf/MaterialFunctions/MF_Specular.uasset" 1211
"../../../Engine/Plugins/Interchange/Runtime/Content/gltf/MaterialFunctions/MF_Specular.uexp" 1212
"../../../Engine/Plugins/Interchange/Runtime/Content/gltf/MaterialFunctions/MF_IOR.uasset" 1213
"../../../Engine/Plugins/Interchange/Runtime/Content/gltf/MaterialFunctions/MF_IOR.uexp" 1214
"../../../Engine/Plugins/Interchange/Runtime/Content/gltf/MaterialFunctions/MF_RotateNormals_TS.uasset" 1215
"../../../Engine/Plugins/Interchange/Runtime/Content/gltf/MaterialFunctions/MF_RotateNormals_TS.uexp" 1216
"../../../Engine/Plugins/Interchange/Runtime/Content/gltf/Textures/T_Generic_N.uasset" 1217
"../../../Engine/Plugins/Interchange/Runtime/Content/gltf/Textures/T_Generic_N.uexp" 1218
"../../../Engine/Plugins/Interchange/Runtime/Content/gltf/MaterialFunctions/MF_Normals.uasset" 1219
"../../../Engine/Plugins/Interchange/Runtime/Content/gltf/MaterialFunctions/MF_Normals.uexp" 1220
"../../../Engine/Plugins/Interchange/Runtime/Content/gltf/MaterialBodies/MF_Transmission_Body.uasset" 1221
"../../../Engine/Plugins/Interchange/Runtime/Content/gltf/MaterialBodies/MF_Transmission_Body.uexp" 1222
"../../../Engine/Plugins/Interchange/Runtime/Content/gltf/M_Transmission.uasset" 1223
"../../../Engine/Plugins/Interchange/Runtime/Content/gltf/M_Transmission.uexp" 1224
"../../../Engine/Plugins/Interchange/Runtime/Content/gltf/MaterialInstances/MI_Transmission_DS.uasset" 1225
"../../../Engine/Plugins/Interchange/Runtime/Content/gltf/MaterialInstances/MI_Transmission_DS.uexp" 1226
"../../../Engine/Plugins/Interchange/Runtime/Content/gltf/MaterialInstances/MI_Transmission.uasset" 1227
"../../../Engine/Plugins/Interchange/Runtime/Content/gltf/MaterialInstances/MI_Transmission.uexp" 1228
"../../../Engine/Plugins/Interchange/Runtime/Content/gltf/MaterialFunctions/MF_DiffuseSpecGloss.uasset" 1229
"../../../Engine/Plugins/Interchange/Runtime/Content/gltf/MaterialFunctions/MF_DiffuseSpecGloss.uexp" 1230
"../../../Engine/Content/Functions/Engine_MaterialFunctions02/Math/AddComponents.uasset" 1231
"../../../Engine/Content/Functions/Engine_MaterialFunctions02/Math/AddComponents.uexp" 1232
"../../../Engine/Plugins/Interchange/Runtime/Content/gltf/MaterialFunctions/MF_PerceivedBrightness.uasset" 1233
"../../../Engine/Plugins/Interchange/Runtime/Content/gltf/MaterialFunctions/MF_PerceivedBrightness.uexp" 1234
"../../../Engine/Plugins/Interchange/Runtime/Content/gltf/MaterialFunctions/MF_Emissive.uasset" 1235
"../../../Engine/Plugins/Interchange/Runtime/Content/gltf/MaterialFunctions/MF_Emissive.uexp" 1236
"../../../Engine/Plugins/Interchange/Runtime/Content/gltf/MaterialFunctions/MF_SpecGlossToMetalRoughness.uasset" 1237
"../../../Engine/Plugins/Interchange/Runtime/Content/gltf/MaterialFunctions/MF_SpecGlossToMetalRoughness.uexp" 1238
"../../../Engine/Plugins/Interchange/Runtime/Content/gltf/MaterialBodies/MF_SpecularGlossiness_Body.uasset" 1239
"../../../Engine/Plugins/Interchange/Runtime/Content/gltf/MaterialBodies/MF_SpecularGlossiness_Body.uexp" 1240
"../../../Engine/Plugins/Interchange/Runtime/Content/gltf/M_SpecularGlossiness.uasset" 1241
"../../../Engine/Plugins/Interchange/Runtime/Content/gltf/M_SpecularGlossiness.uexp" 1242
"../../../Engine/Plugins/Interchange/Runtime/Content/gltf/MaterialInstances/MI_SpecularGlossiness_Opaque_DS.uasset" 1243
"../../../Engine/Plugins/Interchange/Runtime/Content/gltf/MaterialInstances/MI_SpecularGlossiness_Opaque_DS.uexp" 1244
"../../../Engine/Plugins/Interchange/Runtime/Content/gltf/MaterialInstances/MI_SpecularGlossiness_Opaque.uasset" 1245
"../../../Engine/Plugins/Interchange/Runtime/Content/gltf/MaterialInstances/MI_SpecularGlossiness_Opaque.uexp" 1246
"../../../Engine/Plugins/Interchange/Runtime/Content/gltf/MaterialInstances/MI_SpecularGlossiness_Mask_DS.uasset" 1247
"../../../Engine/Plugins/Interchange/Runtime/Content/gltf/MaterialInstances/MI_SpecularGlossiness_Mask_DS.uexp" 1248
"../../../Engine/Plugins/Interchange/Runtime/Content/gltf/MaterialInstances/MI_SpecularGlossiness_Mask.uasset" 1249
"../../../Engine/Plugins/Interchange/Runtime/Content/gltf/MaterialInstances/MI_SpecularGlossiness_Mask.uexp" 1250
"../../../Engine/Plugins/Interchange/Runtime/Content/gltf/MaterialInstances/MI_SpecularGlossiness_Blend_DS.uasset" 1251
"../../../Engine/Plugins/Interchange/Runtime/Content/gltf/MaterialInstances/MI_SpecularGlossiness_Blend_DS.uexp" 1252
"../../../Engine/Plugins/Interchange/Runtime/Content/gltf/MaterialInstances/MI_SpecularGlossiness_Blend.uasset" 1253
"../../../Engine/Plugins/Interchange/Runtime/Content/gltf/MaterialInstances/MI_SpecularGlossiness_Blend.uexp" 1254
"../../../Engine/Plugins/Interchange/Runtime/Content/gltf/MaterialFunctions/MF_Sheen.uasset" 1255
"../../../Engine/Plugins/Interchange/Runtime/Content/gltf/MaterialFunctions/MF_Sheen.uexp" 1256
"../../../Engine/Plugins/Interchange/Runtime/Content/gltf/MaterialBodies/MF_Sheen_Body.uasset" 1257
"../../../Engine/Plugins/Interchange/Runtime/Content/gltf/MaterialBodies/MF_Sheen_Body.uexp" 1258
"../../../Engine/Plugins/Interchange/Runtime/Content/gltf/M_Sheen.uasset" 1259
"../../../Engine/Plugins/Interchange/Runtime/Content/gltf/M_Sheen.uexp" 1260
"../../../Engine/Plugins/Interchange/Runtime/Content/gltf/MaterialInstances/MI_Sheen_Opaque_DS.uasset" 1261
"../../../Engine/Plugins/Interchange/Runtime/Content/gltf/MaterialInstances/MI_Sheen_Opaque_DS.uexp" 1262
"../../../Engine/Plugins/Interchange/Runtime/Content/gltf/MaterialInstances/MI_Sheen_Opaque.uasset" 1263
"../../../Engine/Plugins/Interchange/Runtime/Content/gltf/MaterialInstances/MI_Sheen_Opaque.uexp" 1264
"../../../Engine/Plugins/Interchange/Runtime/Content/gltf/MaterialInstances/MI_Sheen_Mask_DS.uasset" 1265
"../../../Engine/Plugins/Interchange/Runtime/Content/gltf/MaterialInstances/MI_Sheen_Mask_DS.uexp" 1266
"../../../Engine/Plugins/Interchange/Runtime/Content/gltf/MaterialInstances/MI_Sheen_Mask.uasset" 1267
"../../../Engine/Plugins/Interchange/Runtime/Content/gltf/MaterialInstances/MI_Sheen_Mask.uexp" 1268
"../../../Engine/Plugins/Interchange/Runtime/Content/gltf/MaterialInstances/MI_Sheen_Blend_DS.uasset" 1269
"../../../Engine/Plugins/Interchange/Runtime/Content/gltf/MaterialInstances/MI_Sheen_Blend_DS.uexp" 1270
"../../../Engine/Plugins/Interchange/Runtime/Content/gltf/MaterialInstances/MI_Sheen_Blend.uasset" 1271
"../../../Engine/Plugins/Interchange/Runtime/Content/gltf/MaterialInstances/MI_Sheen_Blend.uexp" 1272
"../../../Engine/Plugins/Interchange/Runtime/Content/gltf/MaterialBodies/MF_Default_Body.uasset" 1273
"../../../Engine/Plugins/Interchange/Runtime/Content/gltf/MaterialBodies/MF_Default_Body.uexp" 1274
"../../../Engine/Plugins/Interchange/Runtime/Content/gltf/M_Default.uasset" 1275
"../../../Engine/Plugins/Interchange/Runtime/Content/gltf/M_Default.uexp" 1276
"../../../Engine/Plugins/Interchange/Runtime/Content/gltf/MaterialInstances/MI_Default_Opaque_DS.uasset" 1277
"../../../Engine/Plugins/Interchange/Runtime/Content/gltf/MaterialInstances/MI_Default_Opaque_DS.uexp" 1278
"../../../Engine/Plugins/Interchange/Runtime/Content/gltf/MaterialInstances/MI_Default_Opaque.uasset" 1279
"../../../Engine/Plugins/Interchange/Runtime/Content/gltf/MaterialInstances/MI_Default_Opaque.uexp" 1280
"../../../Engine/Plugins/Interchange/Runtime/Content/gltf/MaterialInstances/MI_Default_Mask_DS.uasset" 1281
"../../../Engine/Plugins/Interchange/Runtime/Content/gltf/MaterialInstances/MI_Default_Mask_DS.uexp" 1282
"../../../Engine/Plugins/Interchange/Runtime/Content/gltf/MaterialInstances/MI_Default_Mask.uasset" 1283
"../../../Engine/Plugins/Interchange/Runtime/Content/gltf/MaterialInstances/MI_Default_Mask.uexp" 1284
"../../../Engine/Plugins/Interchange/Runtime/Content/gltf/MaterialInstances/MI_Default_Blend_DS.uasset" 1285
"../../../Engine/Plugins/Interchange/Runtime/Content/gltf/MaterialInstances/MI_Default_Blend_DS.uexp" 1286
"../../../Engine/Plugins/Interchange/Runtime/Content/gltf/MaterialInstances/MI_Default_Blend.uasset" 1287
"../../../Engine/Plugins/Interchange/Runtime/Content/gltf/MaterialInstances/MI_Default_Blend.uexp" 1288
"../../../Engine/Content/Functions/Engine_MaterialFunctions01/Texturing/FlattenNormal.uasset" 1289
"../../../Engine/Content/Functions/Engine_MaterialFunctions01/Texturing/FlattenNormal.uexp" 1290
"../../../Engine/Plugins/Interchange/Runtime/Content/gltf/MaterialFunctions/MF_Clearcoat.uasset" 1291
"../../../Engine/Plugins/Interchange/Runtime/Content/gltf/MaterialFunctions/MF_Clearcoat.uexp" 1292
"../../../Engine/Plugins/Interchange/Runtime/Content/gltf/MaterialBodies/MF_ClearCoat_Body.uasset" 1293
"../../../Engine/Plugins/Interchange/Runtime/Content/gltf/MaterialBodies/MF_ClearCoat_Body.uexp" 1294
"../../../Engine/Plugins/Interchange/Runtime/Content/gltf/M_ClearCoat.uasset" 1295
"../../../Engine/Plugins/Interchange/Runtime/Content/gltf/M_ClearCoat.uexp" 1296
"../../../Engine/Plugins/Interchange/Runtime/Content/gltf/MaterialInstances/MI_ClearCoat_Opaque_DS.uasset" 1297
"../../../Engine/Plugins/Interchange/Runtime/Content/gltf/MaterialInstances/MI_ClearCoat_Opaque_DS.uexp" 1298
"../../../Engine/Plugins/Interchange/Runtime/Content/gltf/MaterialInstances/MI_ClearCoat_Opaque.uasset" 1299
"../../../Engine/Plugins/Interchange/Runtime/Content/gltf/MaterialInstances/MI_ClearCoat_Opaque.uexp" 1300
"../../../Engine/Plugins/Interchange/Runtime/Content/gltf/MaterialInstances/MI_ClearCoat_Mask_DS.uasset" 1301
"../../../Engine/Plugins/Interchange/Runtime/Content/gltf/MaterialInstances/MI_ClearCoat_Mask_DS.uexp" 1302
"../../../Engine/Plugins/Interchange/Runtime/Content/gltf/MaterialInstances/MI_ClearCoat_Mask.uasset" 1303
"../../../Engine/Plugins/Interchange/Runtime/Content/gltf/MaterialInstances/MI_ClearCoat_Mask.uexp" 1304
"../../../Engine/Plugins/Interchange/Runtime/Content/gltf/MaterialInstances/MI_ClearCoat_Blend_DS.uasset" 1305
"../../../Engine/Plugins/Interchange/Runtime/Content/gltf/MaterialInstances/MI_ClearCoat_Blend_DS.uexp" 1306
"../../../Engine/Plugins/Interchange/Runtime/Content/gltf/MaterialInstances/MI_ClearCoat_Blend.uasset" 1307
"../../../Engine/Plugins/Interchange/Runtime/Content/gltf/MaterialInstances/MI_ClearCoat_Blend.uexp" 1308
"../../../Engine/Content/EngineSky/VolumetricClouds/CloudWeatherTexture.uasset" 1309
"../../../Engine/Content/EngineSky/VolumetricClouds/CloudWeatherTexture.uexp" 1310
"../../../Engine/Content/Functions/Engine_MaterialFunctions02/Utility/MakeFloat2.uasset" 1311
"../../../Engine/Content/Functions/Engine_MaterialFunctions02/Utility/MakeFloat2.uexp" 1312
"../../../Engine/Content/EngineSky/VolumetricClouds/CloudGradientTexture.uasset" 1313
"../../../Engine/Content/EngineSky/VolumetricClouds/CloudGradientTexture.uexp" 1314
"../../../Engine/Content/EngineSky/VolumetricClouds/T_NoiseShape64.ubulk" 1315
"../../../Engine/Content/EngineSky/VolumetricClouds/T_NoiseShape64.uasset" 1316
"../../../Engine/Content/EngineSky/VolumetricClouds/T_NoiseShape64.uexp" 1317
"../../../Engine/Content/EngineSky/VolumetricClouds/T_VolumeNoiseShape64.uasset" 1318
"../../../Engine/Content/EngineSky/VolumetricClouds/T_VolumeNoiseShape64.uexp" 1319
"../../../Engine/Content/EngineSky/VolumetricClouds/T_NoiseErosion.ubulk" 1320
"../../../Engine/Content/EngineSky/VolumetricClouds/T_NoiseErosion.uasset" 1321
"../../../Engine/Content/EngineSky/VolumetricClouds/T_NoiseErosion.uexp" 1322
"../../../Engine/Content/EngineSky/VolumetricClouds/T_VolumeNoiseErosion32.uasset" 1323
"../../../Engine/Content/EngineSky/VolumetricClouds/T_VolumeNoiseErosion32.uexp" 1324
"../../../Engine/Content/EngineSky/VolumetricClouds/m_SimpleVolumetricCloud.uasset" 1325
"../../../Engine/Content/EngineSky/VolumetricClouds/m_SimpleVolumetricCloud.uexp" 1326
"../../../Engine/Content/EngineSky/VolumetricClouds/m_SimpleVolumetricCloud_Inst.uasset" 1327
"../../../Engine/Content/EngineSky/VolumetricClouds/m_SimpleVolumetricCloud_Inst.uexp" 1328
"../../../Engine/Content/EngineResources/FilmGrains/Marcie_Grain_v3_128_M2_000.uasset" 1329
"../../../Engine/Content/EngineResources/FilmGrains/Marcie_Grain_v3_128_M2_000.uexp" 1330
"../../../Engine/Content/EditorResources/SequenceRecorder/RecordingIndicator.uasset" 1331
"../../../Engine/Content/EditorResources/SequenceRecorder/RecordingIndicator.uexp" 1332
"../../../Engine/Content/EditorResources/SequenceRecorder/Countdown.uasset" 1333
"../../../Engine/Content/EditorResources/SequenceRecorder/Countdown.uexp" 1334
"../../../Engine/Content/EditorMaterials/Dataflow/DataflowVertexMaterial.uasset" 1335
"../../../Engine/Content/EditorMaterials/Dataflow/DataflowVertexMaterial.uexp" 1336
"C:/Users/d3mon/Documents/1IMPORTANT/University Work/Game Jams/Devtober_2024/GameSmithsDevtober24/Content/Mechanics/Enemies/AI/Tasks/BTT_ChasePlayer.uasset" 1337
"C:/Users/d3mon/Documents/1IMPORTANT/University Work/Game Jams/Devtober_2024/GameSmithsDevtober24/Content/Mechanics/Enemies/AI/Tasks/BTT_ChasePlayer.uexp" 1338
"C:/Users/d3mon/Documents/1IMPORTANT/University Work/Game Jams/Devtober_2024/GameSmithsDevtober24/Content/Mechanics/Enemies/AI/BB_Enemy_Template.uasset" 1339
"C:/Users/d3mon/Documents/1IMPORTANT/University Work/Game Jams/Devtober_2024/GameSmithsDevtober24/Content/Mechanics/Enemies/AI/BB_Enemy_Template.uexp" 1340
"C:/Users/d3mon/Documents/1IMPORTANT/University Work/Game Jams/Devtober_2024/GameSmithsDevtober24/Content/Mechanics/Enemies/AI/Tasks/BTT_DefaultAttack.uasset" 1341
"C:/Users/d3mon/Documents/1IMPORTANT/University Work/Game Jams/Devtober_2024/GameSmithsDevtober24/Content/Mechanics/Enemies/AI/Tasks/BTT_DefaultAttack.uexp" 1342
"C:/Users/d3mon/Documents/1IMPORTANT/University Work/Game Jams/Devtober_2024/GameSmithsDevtober24/Content/Mechanics/Enemies/AI/Tasks/BTT_RandomLocation.uasset" 1343
"C:/Users/d3mon/Documents/1IMPORTANT/University Work/Game Jams/Devtober_2024/GameSmithsDevtober24/Content/Mechanics/Enemies/AI/Tasks/BTT_RandomLocation.uexp" 1344
"C:/Users/d3mon/Documents/1IMPORTANT/University Work/Game Jams/Devtober_2024/GameSmithsDevtober24/Content/Mechanics/Enemies/AI/BT_Enemy_Template.uasset" 1345
"C:/Users/d3mon/Documents/1IMPORTANT/University Work/Game Jams/Devtober_2024/GameSmithsDevtober24/Content/Mechanics/Enemies/AI/BT_Enemy_Template.uexp" 1346
"C:/Users/d3mon/Documents/1IMPORTANT/University Work/Game Jams/Devtober_2024/GameSmithsDevtober24/Content/Mechanics/Enemies/AI/AIC_Enemy_Template.uasset" 1347
"C:/Users/d3mon/Documents/1IMPORTANT/University Work/Game Jams/Devtober_2024/GameSmithsDevtober24/Content/Mechanics/Enemies/AI/AIC_Enemy_Template.uexp" 1348
"C:/Users/d3mon/Documents/1IMPORTANT/University Work/Game Jams/Devtober_2024/GameSmithsDevtober24/Content/Mechanics/Enemies/Meshes/HumanoidGeneric/HumanoidGeneric_Skeleton.uasset" 1349
"C:/Users/d3mon/Documents/1IMPORTANT/University Work/Game Jams/Devtober_2024/GameSmithsDevtober24/Content/Mechanics/Enemies/Meshes/HumanoidGeneric/HumanoidGeneric_Skeleton.uexp" 1350
"C:/Users/d3mon/Documents/1IMPORTANT/University Work/Game Jams/Devtober_2024/GameSmithsDevtober24/Content/Mechanics/Enemies/Meshes/HumanoidGeneric/HumanoidGeneric_Mafia001.ubulk" 1351
"C:/Users/d3mon/Documents/1IMPORTANT/University Work/Game Jams/Devtober_2024/GameSmithsDevtober24/Content/Mechanics/Enemies/Meshes/HumanoidGeneric/HumanoidGeneric_Mafia001.uasset" 1352
"C:/Users/d3mon/Documents/1IMPORTANT/University Work/Game Jams/Devtober_2024/GameSmithsDevtober24/Content/Mechanics/Enemies/Meshes/HumanoidGeneric/HumanoidGeneric_Mafia001.uexp" 1353
"C:/Users/d3mon/Documents/1IMPORTANT/University Work/Game Jams/Devtober_2024/GameSmithsDevtober24/Content/Mechanics/Enemies/Meshes/HumanoidGeneric/Material.uasset" 1354
"C:/Users/d3mon/Documents/1IMPORTANT/University Work/Game Jams/Devtober_2024/GameSmithsDevtober24/Content/Mechanics/Enemies/Meshes/HumanoidGeneric/Material.uexp" 1355
"C:/Users/d3mon/Documents/1IMPORTANT/University Work/Game Jams/Devtober_2024/GameSmithsDevtober24/Content/Mechanics/Enemies/Meshes/HumanoidGeneric/HumanoidGeneric_PhysicsAsset.uasset" 1356
"C:/Users/d3mon/Documents/1IMPORTANT/University Work/Game Jams/Devtober_2024/GameSmithsDevtober24/Content/Mechanics/Enemies/Meshes/HumanoidGeneric/HumanoidGeneric_PhysicsAsset.uexp" 1357
"C:/Users/d3mon/Documents/1IMPORTANT/University Work/Game Jams/Devtober_2024/GameSmithsDevtober24/Content/Mechanics/Enemies/Meshes/HumanoidGeneric/HumanoidGeneric.uasset" 1358
"C:/Users/d3mon/Documents/1IMPORTANT/University Work/Game Jams/Devtober_2024/GameSmithsDevtober24/Content/Mechanics/Enemies/Meshes/HumanoidGeneric/HumanoidGeneric.uexp" 1359
"C:/Users/d3mon/Documents/1IMPORTANT/University Work/Game Jams/Devtober_2024/GameSmithsDevtober24/Content/Assets/Animation/HumanoidGeneric/GOONHITEXPORT2.uasset" 1360
"C:/Users/d3mon/Documents/1IMPORTANT/University Work/Game Jams/Devtober_2024/GameSmithsDevtober24/Content/Assets/Animation/HumanoidGeneric/GOONHITEXPORT2.uexp" 1361
"C:/Users/d3mon/Documents/1IMPORTANT/University Work/Game Jams/Devtober_2024/GameSmithsDevtober24/Content/Assets/Animation/HumanoidGeneric/HumanoidGenericWalkCycle.uasset" 1362
"C:/Users/d3mon/Documents/1IMPORTANT/University Work/Game Jams/Devtober_2024/GameSmithsDevtober24/Content/Assets/Animation/HumanoidGeneric/HumanoidGenericWalkCycle.uexp" 1363
"C:/Users/d3mon/Documents/1IMPORTANT/University Work/Game Jams/Devtober_2024/GameSmithsDevtober24/Content/Assets/Animation/HumanoidGeneric/HG_IdleSmall.uasset" 1364
"C:/Users/d3mon/Documents/1IMPORTANT/University Work/Game Jams/Devtober_2024/GameSmithsDevtober24/Content/Assets/Animation/HumanoidGeneric/HG_IdleSmall.uexp" 1365
"C:/Users/d3mon/Documents/1IMPORTANT/University Work/Game Jams/Devtober_2024/GameSmithsDevtober24/Content/Assets/Animation/HumanoidGeneric/BS_EnemyMovement.uasset" 1366
"C:/Users/d3mon/Documents/1IMPORTANT/University Work/Game Jams/Devtober_2024/GameSmithsDevtober24/Content/Assets/Animation/HumanoidGeneric/BS_EnemyMovement.uexp" 1367
"C:/Users/d3mon/Documents/1IMPORTANT/University Work/Game Jams/Devtober_2024/GameSmithsDevtober24/Content/Assets/Animation/HumanoidGeneric/ABP_EnemyAnimation.uasset" 1368
"C:/Users/d3mon/Documents/1IMPORTANT/University Work/Game Jams/Devtober_2024/GameSmithsDevtober24/Content/Assets/Animation/HumanoidGeneric/ABP_EnemyAnimation.uexp" 1369
"C:/Users/d3mon/Documents/1IMPORTANT/University Work/Game Jams/Devtober_2024/GameSmithsDevtober24/Content/Mechanics/Enemies/BP_Enemy_Template.uasset" 1370
"C:/Users/d3mon/Documents/1IMPORTANT/University Work/Game Jams/Devtober_2024/GameSmithsDevtober24/Content/Mechanics/Enemies/BP_Enemy_Template.uexp" 1371
"C:/Users/d3mon/Documents/1IMPORTANT/University Work/Game Jams/Devtober_2024/GameSmithsDevtober24/Content/Mechanics/Enemies/AI/Tasks/BTT_MoveTo.uasset" 1372
"C:/Users/d3mon/Documents/1IMPORTANT/University Work/Game Jams/Devtober_2024/GameSmithsDevtober24/Content/Mechanics/Enemies/AI/Tasks/BTT_MoveTo.uexp" 1373
"C:/Users/d3mon/Documents/1IMPORTANT/University Work/Game Jams/Devtober_2024/GameSmithsDevtober24/Content/Mechanics/Enemies/AI/Tasks/BTT_IsNear.uasset" 1374
"C:/Users/d3mon/Documents/1IMPORTANT/University Work/Game Jams/Devtober_2024/GameSmithsDevtober24/Content/Mechanics/Enemies/AI/Tasks/BTT_IsNear.uexp" 1375
"C:/Users/d3mon/Documents/1IMPORTANT/University Work/Game Jams/Devtober_2024/GameSmithsDevtober24/Content/Mechanics/Enemies/AI/Tasks/BTT_FocusTarget.uasset" 1376
"C:/Users/d3mon/Documents/1IMPORTANT/University Work/Game Jams/Devtober_2024/GameSmithsDevtober24/Content/Mechanics/Enemies/AI/Tasks/BTT_FocusTarget.uexp" 1377
"C:/Users/d3mon/Documents/1IMPORTANT/University Work/Game Jams/Devtober_2024/GameSmithsDevtober24/Content/Mechanics/Enemies/AI/Tasks/BTT_ClearFocus.uasset" 1378
"C:/Users/d3mon/Documents/1IMPORTANT/University Work/Game Jams/Devtober_2024/GameSmithsDevtober24/Content/Mechanics/Enemies/AI/Tasks/BTT_ClearFocus.uexp" 1379
"C:/Users/d3mon/Documents/1IMPORTANT/University Work/Game Jams/Devtober_2024/GameSmithsDevtober24/Content/FPWeapon/Materials/MaterialLayers/T_ML_FineRubber.ubulk" 1380
"C:/Users/d3mon/Documents/1IMPORTANT/University Work/Game Jams/Devtober_2024/GameSmithsDevtober24/Content/FPWeapon/Materials/MaterialLayers/T_ML_FineRubber.uasset" 1381
"C:/Users/d3mon/Documents/1IMPORTANT/University Work/Game Jams/Devtober_2024/GameSmithsDevtober24/Content/FPWeapon/Materials/MaterialLayers/T_ML_FineRubber.uexp" 1382
"C:/Users/d3mon/Documents/1IMPORTANT/University Work/Game Jams/Devtober_2024/GameSmithsDevtober24/Content/FirstPersonArms/Character/Textures/Manny/T_Manny_02_N.ubulk" 1383
"C:/Users/d3mon/Documents/1IMPORTANT/University Work/Game Jams/Devtober_2024/GameSmithsDevtober24/Content/FirstPersonArms/Character/Textures/Manny/T_Manny_02_N.uasset" 1384
"C:/Users/d3mon/Documents/1IMPORTANT/University Work/Game Jams/Devtober_2024/GameSmithsDevtober24/Content/FirstPersonArms/Character/Textures/Manny/T_Manny_02_N.uexp" 1385
"C:/Users/d3mon/Documents/1IMPORTANT/University Work/Game Jams/Devtober_2024/GameSmithsDevtober24/Content/FirstPersonArms/Character/Textures/Manny/T_Manny_02_BN.ubulk" 1386
"C:/Users/d3mon/Documents/1IMPORTANT/University Work/Game Jams/Devtober_2024/GameSmithsDevtober24/Content/FirstPersonArms/Character/Textures/Manny/T_Manny_02_BN.uasset" 1387
"C:/Users/d3mon/Documents/1IMPORTANT/University Work/Game Jams/Devtober_2024/GameSmithsDevtober24/Content/FirstPersonArms/Character/Textures/Manny/T_Manny_02_BN.uexp" 1388
"C:/Users/d3mon/Documents/1IMPORTANT/University Work/Game Jams/Devtober_2024/GameSmithsDevtober24/Content/FirstPersonArms/Character/Textures/Manny/T_Manny_02_ASAOPMASK_MSK.ubulk" 1389
"C:/Users/d3mon/Documents/1IMPORTANT/University Work/Game Jams/Devtober_2024/GameSmithsDevtober24/Content/FirstPersonArms/Character/Textures/Manny/T_Manny_02_ASAOPMASK_MSK.uasset" 1390
"C:/Users/d3mon/Documents/1IMPORTANT/University Work/Game Jams/Devtober_2024/GameSmithsDevtober24/Content/FirstPersonArms/Character/Textures/Manny/T_Manny_02_ASAOPMASK_MSK.uexp" 1391
"C:/Users/d3mon/Documents/1IMPORTANT/University Work/Game Jams/Devtober_2024/GameSmithsDevtober24/Content/FirstPersonArms/Character/Textures/Manny/T_Manny_01_ASAOPMASK_MSK.ubulk" 1392
"C:/Users/d3mon/Documents/1IMPORTANT/University Work/Game Jams/Devtober_2024/GameSmithsDevtober24/Content/FirstPersonArms/Character/Textures/Manny/T_Manny_01_ASAOPMASK_MSK.uasset" 1393
"C:/Users/d3mon/Documents/1IMPORTANT/University Work/Game Jams/Devtober_2024/GameSmithsDevtober24/Content/FirstPersonArms/Character/Textures/Manny/T_Manny_01_ASAOPMASK_MSK.uexp" 1394
"C:/Users/d3mon/Documents/1IMPORTANT/University Work/Game Jams/Devtober_2024/GameSmithsDevtober24/Content/FirstPersonArms/Character/Textures/Manny/T_Manny_01_CCRCCPlastic_MSK.ubulk" 1395
"C:/Users/d3mon/Documents/1IMPORTANT/University Work/Game Jams/Devtober_2024/GameSmithsDevtober24/Content/FirstPersonArms/Character/Textures/Manny/T_Manny_01_CCRCCPlastic_MSK.uasset" 1396
"C:/Users/d3mon/Documents/1IMPORTANT/University Work/Game Jams/Devtober_2024/GameSmithsDevtober24/Content/FirstPersonArms/Character/Textures/Manny/T_Manny_01_CCRCCPlastic_MSK.uexp" 1397
"C:/Users/d3mon/Documents/1IMPORTANT/University Work/Game Jams/Devtober_2024/GameSmithsDevtober24/Content/FirstPersonArms/Character/Textures/Manny/T_Manny_01_Tan.ubulk" 1398
"C:/Users/d3mon/Documents/1IMPORTANT/University Work/Game Jams/Devtober_2024/GameSmithsDevtober24/Content/FirstPersonArms/Character/Textures/Manny/T_Manny_01_Tan.uasset" 1399
"C:/Users/d3mon/Documents/1IMPORTANT/University Work/Game Jams/Devtober_2024/GameSmithsDevtober24/Content/FirstPersonArms/Character/Textures/Manny/T_Manny_01_Tan.uexp" 1400
"C:/Users/d3mon/Documents/1IMPORTANT/University Work/Game Jams/Devtober_2024/GameSmithsDevtober24/Content/FirstPersonArms/Character/Textures/Manny/T_Manny_01_BN.ubulk" 1401
"C:/Users/d3mon/Documents/1IMPORTANT/University Work/Game Jams/Devtober_2024/GameSmithsDevtober24/Content/FirstPersonArms/Character/Textures/Manny/T_Manny_01_BN.uasset" 1402
"C:/Users/d3mon/Documents/1IMPORTANT/University Work/Game Jams/Devtober_2024/GameSmithsDevtober24/Content/FirstPersonArms/Character/Textures/Manny/T_Manny_01_BN.uexp" 1403
"C:/Users/d3mon/Documents/1IMPORTANT/University Work/Game Jams/Devtober_2024/GameSmithsDevtober24/Content/FirstPersonArms/Character/Textures/Manny/T_Manny_01_MSR_MSK.ubulk" 1404
"C:/Users/d3mon/Documents/1IMPORTANT/University Work/Game Jams/Devtober_2024/GameSmithsDevtober24/Content/FirstPersonArms/Character/Textures/Manny/T_Manny_01_MSR_MSK.uasset" 1405
"C:/Users/d3mon/Documents/1IMPORTANT/University Work/Game Jams/Devtober_2024/GameSmithsDevtober24/Content/FirstPersonArms/Character/Textures/Manny/T_Manny_01_MSR_MSK.uexp" 1406
"C:/Users/d3mon/Documents/1IMPORTANT/University Work/Game Jams/Devtober_2024/GameSmithsDevtober24/Content/FirstPersonArms/Character/Textures/Manny/T_Manny_01_N.ubulk" 1407
"C:/Users/d3mon/Documents/1IMPORTANT/University Work/Game Jams/Devtober_2024/GameSmithsDevtober24/Content/FirstPersonArms/Character/Textures/Manny/T_Manny_01_N.uasset" 1408
"C:/Users/d3mon/Documents/1IMPORTANT/University Work/Game Jams/Devtober_2024/GameSmithsDevtober24/Content/FirstPersonArms/Character/Textures/Manny/T_Manny_01_N.uexp" 1409
"C:/Users/d3mon/Documents/1IMPORTANT/University Work/Game Jams/Devtober_2024/GameSmithsDevtober24/Content/FirstPersonArms/Character/Textures/Manny/T_Manny_01_D.ubulk" 1410
"C:/Users/d3mon/Documents/1IMPORTANT/University Work/Game Jams/Devtober_2024/GameSmithsDevtober24/Content/FirstPersonArms/Character/Textures/Manny/T_Manny_01_D.uasset" 1411
"C:/Users/d3mon/Documents/1IMPORTANT/University Work/Game Jams/Devtober_2024/GameSmithsDevtober24/Content/FirstPersonArms/Character/Textures/Manny/T_Manny_01_D.uexp" 1412
"C:/Users/d3mon/Documents/1IMPORTANT/University Work/Game Jams/Devtober_2024/GameSmithsDevtober24/Content/FirstPersonArms/Character/Materials/Functions/ChromaticCurve.uasset" 1413
"C:/Users/d3mon/Documents/1IMPORTANT/University Work/Game Jams/Devtober_2024/GameSmithsDevtober24/Content/FirstPersonArms/Character/Materials/Functions/ChromaticCurve.uexp" 1414
"C:/Users/d3mon/Documents/1IMPORTANT/University Work/Game Jams/Devtober_2024/GameSmithsDevtober24/Content/FirstPersonArms/Character/Materials/Functions/CA_Mannequin.uasset" 1415
"C:/Users/d3mon/Documents/1IMPORTANT/University Work/Game Jams/Devtober_2024/GameSmithsDevtober24/Content/FirstPersonArms/Character/Materials/Functions/CA_Mannequin.uexp" 1416
"C:/Users/d3mon/Documents/1IMPORTANT/University Work/Game Jams/Devtober_2024/GameSmithsDevtober24/Content/FirstPersonArms/Character/Materials/Functions/MF_Diffraction.uasset" 1417
"C:/Users/d3mon/Documents/1IMPORTANT/University Work/Game Jams/Devtober_2024/GameSmithsDevtober24/Content/FirstPersonArms/Character/Materials/Functions/MF_Diffraction.uexp" 1418
"../../../Engine/Content/Functions/Engine_MaterialFunctions01/Texturing/ScaleUVsByCenter.uasset" 1419
"../../../Engine/Content/Functions/Engine_MaterialFunctions01/Texturing/ScaleUVsByCenter.uexp" 1420
"C:/Users/d3mon/Documents/1IMPORTANT/University Work/Game Jams/Devtober_2024/GameSmithsDevtober24/Content/FirstPersonArms/Character/Textures/Shared/T_UE_Logo_M.uasset" 1421
"C:/Users/d3mon/Documents/1IMPORTANT/University Work/Game Jams/Devtober_2024/GameSmithsDevtober24/Content/FirstPersonArms/Character/Textures/Shared/T_UE_Logo_M.uexp" 1422
"C:/Users/d3mon/Documents/1IMPORTANT/University Work/Game Jams/Devtober_2024/GameSmithsDevtober24/Content/FirstPersonArms/Character/Materials/Functions/MF_logo3layers.uasset" 1423
"C:/Users/d3mon/Documents/1IMPORTANT/University Work/Game Jams/Devtober_2024/GameSmithsDevtober24/Content/FirstPersonArms/Character/Materials/Functions/MF_logo3layers.uexp" 1424
"C:/Users/d3mon/Documents/1IMPORTANT/University Work/Game Jams/Devtober_2024/GameSmithsDevtober24/Content/FirstPersonArms/Character/Materials/Functions/ML_BaseColorFallOff.uasset" 1425
"C:/Users/d3mon/Documents/1IMPORTANT/University Work/Game Jams/Devtober_2024/GameSmithsDevtober24/Content/FirstPersonArms/Character/Materials/Functions/ML_BaseColorFallOff.uexp" 1426
"C:/Users/d3mon/Documents/1IMPORTANT/University Work/Game Jams/Devtober_2024/GameSmithsDevtober24/Content/FirstPersonArms/Character/Materials/M_Mannequin.uasset" 1427
"C:/Users/d3mon/Documents/1IMPORTANT/University Work/Game Jams/Devtober_2024/GameSmithsDevtober24/Content/FirstPersonArms/Character/Materials/M_Mannequin.uexp" 1428
"C:/Users/d3mon/Documents/1IMPORTANT/University Work/Game Jams/Devtober_2024/GameSmithsDevtober24/Content/FirstPersonArms/Character/Materials/Instances/Manny/MI_Manny_01.uasset" 1429
"C:/Users/d3mon/Documents/1IMPORTANT/University Work/Game Jams/Devtober_2024/GameSmithsDevtober24/Content/FirstPersonArms/Character/Materials/Instances/Manny/MI_Manny_01.uexp" 1430
"C:/Users/d3mon/Documents/1IMPORTANT/University Work/Game Jams/Devtober_2024/GameSmithsDevtober24/Content/FirstPersonArms/Character/Textures/Manny/T_Manny_02_CCRCCPlastic_MSK.ubulk" 1431
"C:/Users/d3mon/Documents/1IMPORTANT/University Work/Game Jams/Devtober_2024/GameSmithsDevtober24/Content/FirstPersonArms/Character/Textures/Manny/T_Manny_02_CCRCCPlastic_MSK.uasset" 1432
"C:/Users/d3mon/Documents/1IMPORTANT/University Work/Game Jams/Devtober_2024/GameSmithsDevtober24/Content/FirstPersonArms/Character/Textures/Manny/T_Manny_02_CCRCCPlastic_MSK.uexp" 1433
"C:/Users/d3mon/Documents/1IMPORTANT/University Work/Game Jams/Devtober_2024/GameSmithsDevtober24/Content/FirstPersonArms/Character/Textures/Manny/T_Manny_02_MSR_MSK.ubulk" 1434
"C:/Users/d3mon/Documents/1IMPORTANT/University Work/Game Jams/Devtober_2024/GameSmithsDevtober24/Content/FirstPersonArms/Character/Textures/Manny/T_Manny_02_MSR_MSK.uasset" 1435
"C:/Users/d3mon/Documents/1IMPORTANT/University Work/Game Jams/Devtober_2024/GameSmithsDevtober24/Content/FirstPersonArms/Character/Textures/Manny/T_Manny_02_MSR_MSK.uexp" 1436
"C:/Users/d3mon/Documents/1IMPORTANT/University Work/Game Jams/Devtober_2024/GameSmithsDevtober24/Content/FirstPersonArms/Character/Textures/Manny/T_Manny_02_D.ubulk" 1437
"C:/Users/d3mon/Documents/1IMPORTANT/University Work/Game Jams/Devtober_2024/GameSmithsDevtober24/Content/FirstPersonArms/Character/Textures/Manny/T_Manny_02_D.uasset" 1438
"C:/Users/d3mon/Documents/1IMPORTANT/University Work/Game Jams/Devtober_2024/GameSmithsDevtober24/Content/FirstPersonArms/Character/Textures/Manny/T_Manny_02_D.uexp" 1439
"C:/Users/d3mon/Documents/1IMPORTANT/University Work/Game Jams/Devtober_2024/GameSmithsDevtober24/Content/FirstPersonArms/Character/Textures/Manny/T_Manny_02_Tan.ubulk" 1440
"C:/Users/d3mon/Documents/1IMPORTANT/University Work/Game Jams/Devtober_2024/GameSmithsDevtober24/Content/FirstPersonArms/Character/Textures/Manny/T_Manny_02_Tan.uasset" 1441
"C:/Users/d3mon/Documents/1IMPORTANT/University Work/Game Jams/Devtober_2024/GameSmithsDevtober24/Content/FirstPersonArms/Character/Textures/Manny/T_Manny_02_Tan.uexp" 1442
"C:/Users/d3mon/Documents/1IMPORTANT/University Work/Game Jams/Devtober_2024/GameSmithsDevtober24/Content/FirstPersonArms/Character/Materials/Instances/Manny/MI_Manny_02.uasset" 1443
"C:/Users/d3mon/Documents/1IMPORTANT/University Work/Game Jams/Devtober_2024/GameSmithsDevtober24/Content/FirstPersonArms/Character/Materials/Instances/Manny/MI_Manny_02.uexp" 1444
"C:/Users/d3mon/Documents/1IMPORTANT/University Work/Game Jams/Devtober_2024/GameSmithsDevtober24/Content/FirstPersonArms/Character/Mesh/SK_Mannequin_Arms_PhysicsAsset.uasset" 1445
"C:/Users/d3mon/Documents/1IMPORTANT/University Work/Game Jams/Devtober_2024/GameSmithsDevtober24/Content/FirstPersonArms/Character/Mesh/SK_Mannequin_Arms_PhysicsAsset.uexp" 1446
"C:/Users/d3mon/Documents/1IMPORTANT/University Work/Game Jams/Devtober_2024/GameSmithsDevtober24/Content/FirstPersonArms/Character/Mesh/SK_Mannequin_Arms.uasset" 1447
"C:/Users/d3mon/Documents/1IMPORTANT/University Work/Game Jams/Devtober_2024/GameSmithsDevtober24/Content/FirstPersonArms/Character/Mesh/SK_Mannequin_Arms.uexp" 1448
"C:/Users/d3mon/Documents/1IMPORTANT/University Work/Game Jams/Devtober_2024/GameSmithsDevtober24/Content/DevAsset/Music/PrettyCool/PrettyCool.ubulk" 1449
"C:/Users/d3mon/Documents/1IMPORTANT/University Work/Game Jams/Devtober_2024/GameSmithsDevtober24/Content/DevAsset/Music/PrettyCool/PrettyCool.uasset" 1450
"C:/Users/d3mon/Documents/1IMPORTANT/University Work/Game Jams/Devtober_2024/GameSmithsDevtober24/Content/DevAsset/Music/PrettyCool/PrettyCool.uexp" 1451
"C:/Users/d3mon/Documents/1IMPORTANT/University Work/Game Jams/Devtober_2024/GameSmithsDevtober24/Content/DevAsset/Mesh/Character/HumanoidGeneric/HumanoidGenericViewmodelArmsIdleSG1_Armature_IdleFists.uasset" 1452
"C:/Users/d3mon/Documents/1IMPORTANT/University Work/Game Jams/Devtober_2024/GameSmithsDevtober24/Content/DevAsset/Mesh/Character/HumanoidGeneric/HumanoidGenericViewmodelArmsIdleSG1_Armature_IdleFists.uexp" 1453
"C:/Users/d3mon/Documents/1IMPORTANT/University Work/Game Jams/Devtober_2024/GameSmithsDevtober24/Content/Assets/Animation/Weapon/Shotgun001/HumanoidGenericViewmodelArms_FireAnimBundle_Armature_ShotgunFire.uasset" 1454
"C:/Users/d3mon/Documents/1IMPORTANT/University Work/Game Jams/Devtober_2024/GameSmithsDevtober24/Content/Assets/Animation/Weapon/Shotgun001/HumanoidGenericViewmodelArms_FireAnimBundle_Armature_ShotgunFire.uexp" 1455
"C:/Users/d3mon/Documents/1IMPORTANT/University Work/Game Jams/Devtober_2024/GameSmithsDevtober24/Content/Assets/Animation/Weapon/Shotgun001/HumanoidGenericViewmodelArms_FireAnimBundle_Armature_IdleShotgun.uasset" 1456
"C:/Users/d3mon/Documents/1IMPORTANT/University Work/Game Jams/Devtober_2024/GameSmithsDevtober24/Content/Assets/Animation/Weapon/Shotgun001/HumanoidGenericViewmodelArms_FireAnimBundle_Armature_IdleShotgun.uexp" 1457
"C:/Users/d3mon/Documents/1IMPORTANT/University Work/Game Jams/Devtober_2024/GameSmithsDevtober24/Content/Assets/Animation/Weapon/Shotgun001/HumanoidGenericViewmodelArms_FireAnimBundle_Armature_IdleFists.uasset" 1458
"C:/Users/d3mon/Documents/1IMPORTANT/University Work/Game Jams/Devtober_2024/GameSmithsDevtober24/Content/Assets/Animation/Weapon/Shotgun001/HumanoidGenericViewmodelArms_FireAnimBundle_Armature_IdleFists.uexp" 1459
"C:/Users/d3mon/Documents/1IMPORTANT/University Work/Game Jams/Devtober_2024/GameSmithsDevtober24/Content/Assets/Animation/HumanoidGeneric/HG_Idle2.uasset" 1460
"C:/Users/d3mon/Documents/1IMPORTANT/University Work/Game Jams/Devtober_2024/GameSmithsDevtober24/Content/Assets/Animation/HumanoidGeneric/HG_Idle2.uexp" 1461
"C:/Users/d3mon/Documents/1IMPORTANT/University Work/Game Jams/Devtober_2024/GameSmithsDevtober24/Content/Assets/Animation/HumanoidGeneric/HG_Idle.uasset" 1462
"C:/Users/d3mon/Documents/1IMPORTANT/University Work/Game Jams/Devtober_2024/GameSmithsDevtober24/Content/Assets/Animation/HumanoidGeneric/HG_Idle.uexp" 1463
"../../../Engine/Content/Functions/Engine_MaterialFunctions01/Shading/PowerToRoughness.uasset" 1464
"../../../Engine/Content/Functions/Engine_MaterialFunctions01/Shading/PowerToRoughness.uexp" 1465
"../../../Engine/Content/Functions/Engine_MaterialFunctions01/Shading/ConvertFromDiffSpec.uasset" 1466
"../../../Engine/Content/Functions/Engine_MaterialFunctions01/Shading/ConvertFromDiffSpec.uexp" 1467
"../../../Engine/Content/EngineMaterials/Substrate/Volume/SubstrateSimpleVolumeLUT3D.uasset" 1468
"../../../Engine/Content/EngineMaterials/Substrate/Volume/SubstrateSimpleVolumeLUT3D.uexp" 1469
"../../../Engine/Content/EngineMaterials/Substrate/Volume/SubstrateSimpleVolumeEnvLUT3D.uasset" 1470
"../../../Engine/Content/EngineMaterials/Substrate/Volume/SubstrateSimpleVolumeEnvLUT3D.uexp" 1471
"../../../Engine/Content/EngineMaterials/Substrate/GLints2/AGlintTex2dArray2.uasset" 1472
"../../../Engine/Content/EngineMaterials/Substrate/GLints2/AGlintTex2dArray2.uexp" 1473
"../../../Engine/Content/EngineMaterials/Substrate/GLints/AGlintTex2dArray.uasset" 1474
"../../../Engine/Content/EngineMaterials/Substrate/GLints/AGlintTex2dArray.uexp" 1475
"C:/Users/d3mon/Documents/1IMPORTANT/University Work/Game Jams/Devtober_2024/GameSmithsDevtober24/Content/LevelPrototyping/Meshes/SM_Cube.ubulk" 1476
"C:/Users/d3mon/Documents/1IMPORTANT/University Work/Game Jams/Devtober_2024/GameSmithsDevtober24/Content/LevelPrototyping/Meshes/SM_Cube.uasset" 1477
"C:/Users/d3mon/Documents/1IMPORTANT/University Work/Game Jams/Devtober_2024/GameSmithsDevtober24/Content/LevelPrototyping/Meshes/SM_Cube.uexp" 1478
"C:/Users/d3mon/Documents/1IMPORTANT/University Work/Game Jams/Devtober_2024/GameSmithsDevtober24/Content/LevelPrototyping/Materials/MI_PrototypeGrid_TopDark.uasset" 1479
"C:/Users/d3mon/Documents/1IMPORTANT/University Work/Game Jams/Devtober_2024/GameSmithsDevtober24/Content/LevelPrototyping/Materials/MI_PrototypeGrid_TopDark.uexp" 1480
"C:/Users/d3mon/Documents/1IMPORTANT/University Work/Game Jams/Devtober_2024/GameSmithsDevtober24/Content/Assets/DeathBox.uasset" 1481
"C:/Users/d3mon/Documents/1IMPORTANT/University Work/Game Jams/Devtober_2024/GameSmithsDevtober24/Content/Assets/DeathBox.uexp" 1482
"../../../Engine/Content/EngineSky/T_Sky_Stars.ubulk" 1483
"../../../Engine/Content/EngineSky/T_Sky_Stars.uasset" 1484
"../../../Engine/Content/EngineSky/T_Sky_Stars.uexp" 1485
"../../../Engine/Content/EngineSky/T_Sky_Clouds_M.ubulk" 1486
"../../../Engine/Content/EngineSky/T_Sky_Clouds_M.uasset" 1487
"../../../Engine/Content/EngineSky/T_Sky_Clouds_M.uexp" 1488
"../../../Engine/Content/EngineSky/T_Sky_Blue.ubulk" 1489
"../../../Engine/Content/EngineSky/T_Sky_Blue.uasset" 1490
"../../../Engine/Content/EngineSky/T_Sky_Blue.uexp" 1491
"../../../Engine/Content/EngineSky/M_Sky_Panning_Clouds2.uasset" 1492
"../../../Engine/Content/EngineSky/M_Sky_Panning_Clouds2.uexp" 1493
"../../../Engine/Content/EngineSky/SM_SkySphere.ubulk" 1494
"../../../Engine/Content/EngineSky/SM_SkySphere.uasset" 1495
"../../../Engine/Content/EngineSky/SM_SkySphere.uexp" 1496
"../../../Engine/Content/EngineSky/M_SimpleSkyDome.uasset" 1497
"../../../Engine/Content/EngineSky/M_SimpleSkyDome.uexp" 1498
"C:/Users/d3mon/Documents/1IMPORTANT/University Work/Game Jams/Devtober_2024/GameSmithsDevtober24/Content/Assets/ShotgunHull.uasset" 1499
"C:/Users/d3mon/Documents/1IMPORTANT/University Work/Game Jams/Devtober_2024/GameSmithsDevtober24/Content/Assets/ShotgunHull.uexp" 1500
"C:/Users/d3mon/Documents/1IMPORTANT/University Work/Game Jams/Devtober_2024/GameSmithsDevtober24/Content/Assets/ShotgunBase.uasset" 1501
"C:/Users/d3mon/Documents/1IMPORTANT/University Work/Game Jams/Devtober_2024/GameSmithsDevtober24/Content/Assets/ShotgunBase.uexp" 1502
"C:/Users/d3mon/Documents/1IMPORTANT/University Work/Game Jams/Devtober_2024/GameSmithsDevtober24/Content/Assets/ShotgunBullet2.ubulk" 1503
"C:/Users/d3mon/Documents/1IMPORTANT/University Work/Game Jams/Devtober_2024/GameSmithsDevtober24/Content/Assets/ShotgunBullet2.uasset" 1504
"C:/Users/d3mon/Documents/1IMPORTANT/University Work/Game Jams/Devtober_2024/GameSmithsDevtober24/Content/Assets/ShotgunBullet2.uexp" 1505
"C:/Users/d3mon/Documents/1IMPORTANT/University Work/Game Jams/Devtober_2024/GameSmithsDevtober24/Content/Assets/AmmoPickup.uasset" 1506
"C:/Users/d3mon/Documents/1IMPORTANT/University Work/Game Jams/Devtober_2024/GameSmithsDevtober24/Content/Assets/AmmoPickup.uexp" 1507
"C:/Users/d3mon/Documents/1IMPORTANT/University Work/Game Jams/Devtober_2024/GameSmithsDevtober24/Content/LevelPrototyping/Meshes/SM_Ramp.ubulk" 1508
"C:/Users/d3mon/Documents/1IMPORTANT/University Work/Game Jams/Devtober_2024/GameSmithsDevtober24/Content/LevelPrototyping/Meshes/SM_Ramp.uasset" 1509
"C:/Users/d3mon/Documents/1IMPORTANT/University Work/Game Jams/Devtober_2024/GameSmithsDevtober24/Content/LevelPrototyping/Meshes/SM_Ramp.uexp" 1510
"C:/Users/d3mon/Documents/1IMPORTANT/University Work/Game Jams/Devtober_2024/GameSmithsDevtober24/Content/LevelPrototyping/Meshes/SM_QuarterCylinder.ubulk" 1511
"C:/Users/d3mon/Documents/1IMPORTANT/University Work/Game Jams/Devtober_2024/GameSmithsDevtober24/Content/LevelPrototyping/Meshes/SM_QuarterCylinder.uasset" 1512
"C:/Users/d3mon/Documents/1IMPORTANT/University Work/Game Jams/Devtober_2024/GameSmithsDevtober24/Content/LevelPrototyping/Meshes/SM_QuarterCylinder.uexp" 1513
"C:/Users/d3mon/Documents/1IMPORTANT/University Work/Game Jams/Devtober_2024/GameSmithsDevtober24/Content/LevelPrototyping/Materials/M_Solid.uasset" 1514
"C:/Users/d3mon/Documents/1IMPORTANT/University Work/Game Jams/Devtober_2024/GameSmithsDevtober24/Content/LevelPrototyping/Materials/M_Solid.uexp" 1515
"C:/Users/d3mon/Documents/1IMPORTANT/University Work/Game Jams/Devtober_2024/GameSmithsDevtober24/Content/LevelPrototyping/Materials/MI_Solid_Blue.uasset" 1516
"C:/Users/d3mon/Documents/1IMPORTANT/University Work/Game Jams/Devtober_2024/GameSmithsDevtober24/Content/LevelPrototyping/Materials/MI_Solid_Blue.uexp" 1517
"C:/Users/d3mon/Documents/1IMPORTANT/University Work/Game Jams/Devtober_2024/GameSmithsDevtober24/Content/LevelPrototyping/Meshes/SM_ChamferCube.ubulk" 1518
"C:/Users/d3mon/Documents/1IMPORTANT/University Work/Game Jams/Devtober_2024/GameSmithsDevtober24/Content/LevelPrototyping/Meshes/SM_ChamferCube.uasset" 1519
"C:/Users/d3mon/Documents/1IMPORTANT/University Work/Game Jams/Devtober_2024/GameSmithsDevtober24/Content/LevelPrototyping/Meshes/SM_ChamferCube.uexp" 1520
"C:/Users/d3mon/Documents/1IMPORTANT/University Work/Game Jams/Devtober_2024/GameSmithsDevtober24/Content/GameModes/BP_MainMenuGameMode.uasset" 1521
"C:/Users/d3mon/Documents/1IMPORTANT/University Work/Game Jams/Devtober_2024/GameSmithsDevtober24/Content/GameModes/BP_MainMenuGameMode.uexp" 1522
"C:/Users/d3mon/Documents/1IMPORTANT/University Work/Game Jams/Devtober_2024/GameSmithsDevtober24/Content/UI/Images/MainMenuBB.uasset" 1523
"C:/Users/d3mon/Documents/1IMPORTANT/University Work/Game Jams/Devtober_2024/GameSmithsDevtober24/Content/UI/Images/MainMenuBB.uexp" 1524
"C:/Users/d3mon/Documents/1IMPORTANT/University Work/Game Jams/Devtober_2024/GameSmithsDevtober24/Content/UI/Images/save_icon.uasset" 1525
"C:/Users/d3mon/Documents/1IMPORTANT/University Work/Game Jams/Devtober_2024/GameSmithsDevtober24/Content/UI/Images/save_icon.uexp" 1526
"C:/Users/d3mon/Documents/1IMPORTANT/University Work/Game Jams/Devtober_2024/GameSmithsDevtober24/Content/UI/Images/EpicTextLogo.uasset" 1527
"C:/Users/d3mon/Documents/1IMPORTANT/University Work/Game Jams/Devtober_2024/GameSmithsDevtober24/Content/UI/Images/EpicTextLogo.uexp" 1528
"C:/Users/d3mon/Documents/1IMPORTANT/University Work/Game Jams/Devtober_2024/GameSmithsDevtober24/Content/UI/UI_OptionsMenu.uasset" 1529
"C:/Users/d3mon/Documents/1IMPORTANT/University Work/Game Jams/Devtober_2024/GameSmithsDevtober24/Content/UI/UI_OptionsMenu.uexp" 1530
"C:/Users/d3mon/Documents/1IMPORTANT/University Work/Game Jams/Devtober_2024/GameSmithsDevtober24/Content/SoundFX/ShotGoon_Music1.ubulk" 1531
"C:/Users/d3mon/Documents/1IMPORTANT/University Work/Game Jams/Devtober_2024/GameSmithsDevtober24/Content/SoundFX/ShotGoon_Music1.uasset" 1532
"C:/Users/d3mon/Documents/1IMPORTANT/University Work/Game Jams/Devtober_2024/GameSmithsDevtober24/Content/SoundFX/ShotGoon_Music1.uexp" 1533
"C:/Users/d3mon/Documents/1IMPORTANT/University Work/Game Jams/Devtober_2024/GameSmithsDevtober24/Content/UI/UI_MainMenu.uasset" 1534
"C:/Users/d3mon/Documents/1IMPORTANT/University Work/Game Jams/Devtober_2024/GameSmithsDevtober24/Content/UI/UI_MainMenu.uexp" 1535
"C:/Users/d3mon/Documents/1IMPORTANT/University Work/Game Jams/Devtober_2024/GameSmithsDevtober24/Content/UserCreatedLevels/MainMenu.uexp" 1536
"C:/Users/d3mon/Documents/1IMPORTANT/University Work/Game Jams/Devtober_2024/GameSmithsDevtober24/Content/UserCreatedLevels/MainMenu.umap" 1537
"C:/Users/d3mon/Documents/1IMPORTANT/University Work/Game Jams/Devtober_2024/GameSmithsDevtober24/Content/UserCreatedLevels/MainGame_BuiltData.uasset" 1538
"C:/Users/d3mon/Documents/1IMPORTANT/University Work/Game Jams/Devtober_2024/GameSmithsDevtober24/Content/UserCreatedLevels/MainGame_BuiltData.uexp" 1539
"C:/Users/d3mon/Documents/1IMPORTANT/University Work/Game Jams/Devtober_2024/GameSmithsDevtober24/Content/TouchPads/EndLevel.uasset" 1540
"C:/Users/d3mon/Documents/1IMPORTANT/University Work/Game Jams/Devtober_2024/GameSmithsDevtober24/Content/TouchPads/EndLevel.uexp" 1541
"C:/Users/d3mon/Documents/1IMPORTANT/University Work/Game Jams/Devtober_2024/GameSmithsDevtober24/Content/RoomGeneration/BP_ShellManager.uasset" 1542
"C:/Users/d3mon/Documents/1IMPORTANT/University Work/Game Jams/Devtober_2024/GameSmithsDevtober24/Content/RoomGeneration/BP_ShellManager.uexp" 1543
"C:/Users/d3mon/Documents/1IMPORTANT/University Work/Game Jams/Devtober_2024/GameSmithsDevtober24/Content/WallMats/BrickWorldAligned.uasset" 1544
"C:/Users/d3mon/Documents/1IMPORTANT/University Work/Game Jams/Devtober_2024/GameSmithsDevtober24/Content/WallMats/BrickWorldAligned.uexp" 1545
"C:/Users/d3mon/Documents/1IMPORTANT/University Work/Game Jams/Devtober_2024/GameSmithsDevtober24/Content/RoomGeneration/Rooms/BP_Hall_CornerR.uasset" 1546
"C:/Users/d3mon/Documents/1IMPORTANT/University Work/Game Jams/Devtober_2024/GameSmithsDevtober24/Content/RoomGeneration/Rooms/BP_Hall_CornerR.uexp" 1547
"C:/Users/d3mon/Documents/1IMPORTANT/University Work/Game Jams/Devtober_2024/GameSmithsDevtober24/Content/RoomGeneration/Rooms/BP_Hall_CornerL.uasset" 1548
"C:/Users/d3mon/Documents/1IMPORTANT/University Work/Game Jams/Devtober_2024/GameSmithsDevtober24/Content/RoomGeneration/Rooms/BP_Hall_CornerL.uexp" 1549
"C:/Users/d3mon/Documents/1IMPORTANT/University Work/Game Jams/Devtober_2024/GameSmithsDevtober24/Content/RoomGeneration/Rooms/BP_Hall_Straight.uasset" 1550
"C:/Users/d3mon/Documents/1IMPORTANT/University Work/Game Jams/Devtober_2024/GameSmithsDevtober24/Content/RoomGeneration/Rooms/BP_Hall_Straight.uexp" 1551
"C:/Users/d3mon/Documents/1IMPORTANT/University Work/Game Jams/Devtober_2024/GameSmithsDevtober24/Content/RoomGeneration/Rooms/BP_Hall_Bouncy.uasset" 1552
"C:/Users/d3mon/Documents/1IMPORTANT/University Work/Game Jams/Devtober_2024/GameSmithsDevtober24/Content/RoomGeneration/Rooms/BP_Hall_Bouncy.uexp" 1553
"C:/Users/d3mon/Documents/1IMPORTANT/University Work/Game Jams/Devtober_2024/GameSmithsDevtober24/Content/RoomGeneration/Rooms/BP_Hall_NotABouncy.uasset" 1554
"C:/Users/d3mon/Documents/1IMPORTANT/University Work/Game Jams/Devtober_2024/GameSmithsDevtober24/Content/RoomGeneration/Rooms/BP_Hall_NotABouncy.uexp" 1555
"C:/Users/d3mon/Documents/1IMPORTANT/University Work/Game Jams/Devtober_2024/GameSmithsDevtober24/Content/RoomGeneration/Data/DT_NormalSet.uasset" 1556
"C:/Users/d3mon/Documents/1IMPORTANT/University Work/Game Jams/Devtober_2024/GameSmithsDevtober24/Content/RoomGeneration/Data/DT_NormalSet.uexp" 1557
"C:/Users/d3mon/Documents/1IMPORTANT/University Work/Game Jams/Devtober_2024/GameSmithsDevtober24/Content/Mechanics/Enemies/BP_Enemy_Normal_Child.uasset" 1558
"C:/Users/d3mon/Documents/1IMPORTANT/University Work/Game Jams/Devtober_2024/GameSmithsDevtober24/Content/Mechanics/Enemies/BP_Enemy_Normal_Child.uexp" 1559
"C:/Users/d3mon/Documents/1IMPORTANT/University Work/Game Jams/Devtober_2024/GameSmithsDevtober24/Content/RoomGeneration/Data/E_EnemyWeightEntry.uasset" 1560
"C:/Users/d3mon/Documents/1IMPORTANT/University Work/Game Jams/Devtober_2024/GameSmithsDevtober24/Content/RoomGeneration/Data/E_EnemyWeightEntry.uexp" 1561
"C:/Users/d3mon/Documents/1IMPORTANT/University Work/Game Jams/Devtober_2024/GameSmithsDevtober24/Content/Mechanics/Enemies/BP_Enemy_Small_Child.uasset" 1562
"C:/Users/d3mon/Documents/1IMPORTANT/University Work/Game Jams/Devtober_2024/GameSmithsDevtober24/Content/Mechanics/Enemies/BP_Enemy_Small_Child.uexp" 1563
"C:/Users/d3mon/Documents/1IMPORTANT/University Work/Game Jams/Devtober_2024/GameSmithsDevtober24/Content/Mechanics/Enemies/BP_Enemy_Big_Child.uasset" 1564
"C:/Users/d3mon/Documents/1IMPORTANT/University Work/Game Jams/Devtober_2024/GameSmithsDevtober24/Content/Mechanics/Enemies/BP_Enemy_Big_Child.uexp" 1565
"C:/Users/d3mon/Documents/1IMPORTANT/University Work/Game Jams/Devtober_2024/GameSmithsDevtober24/Content/RoomGeneration/Data/DT_EnemySpawnRates.uasset" 1566
"C:/Users/d3mon/Documents/1IMPORTANT/University Work/Game Jams/Devtober_2024/GameSmithsDevtober24/Content/RoomGeneration/Data/DT_EnemySpawnRates.uexp" 1567
"C:/Users/d3mon/Documents/1IMPORTANT/University Work/Game Jams/Devtober_2024/GameSmithsDevtober24/Content/RoomGeneration/BP_EnemyManager.uasset" 1568
"C:/Users/d3mon/Documents/1IMPORTANT/University Work/Game Jams/Devtober_2024/GameSmithsDevtober24/Content/RoomGeneration/BP_EnemyManager.uexp" 1569
"C:/Users/d3mon/Documents/1IMPORTANT/University Work/Game Jams/Devtober_2024/GameSmithsDevtober24/Content/RoomGeneration/BP_HallManager.uasset" 1570
"C:/Users/d3mon/Documents/1IMPORTANT/University Work/Game Jams/Devtober_2024/GameSmithsDevtober24/Content/RoomGeneration/BP_HallManager.uexp" 1571
"C:/Users/d3mon/Documents/1IMPORTANT/University Work/Game Jams/Devtober_2024/GameSmithsDevtober24/Content/UserCreatedLevels/MainGame.uexp" 1572
"C:/Users/d3mon/Documents/1IMPORTANT/University Work/Game Jams/Devtober_2024/GameSmithsDevtober24/Content/UserCreatedLevels/MainGame.umap" 1573
"C:/Users/d3mon/Documents/1IMPORTANT/University Work/Game Jams/Devtober_2024/GameSmithsDevtober24/Content/WallMats/WOOD.uasset" 1574
"C:/Users/d3mon/Documents/1IMPORTANT/University Work/Game Jams/Devtober_2024/GameSmithsDevtober24/Content/WallMats/WOOD.uexp" 1575
"C:/Users/d3mon/Documents/1IMPORTANT/University Work/Game Jams/Devtober_2024/GameSmithsDevtober24/Content/WallMats/WOOD_Mat.uasset" 1576
"C:/Users/d3mon/Documents/1IMPORTANT/University Work/Game Jams/Devtober_2024/GameSmithsDevtober24/Content/WallMats/WOOD_Mat.uexp" 1577
"C:/Users/d3mon/Documents/1IMPORTANT/University Work/Game Jams/Devtober_2024/GameSmithsDevtober24/Content/Materials/32px/Brick/Brick001_Roughness.uasset" 1578
"C:/Users/d3mon/Documents/1IMPORTANT/University Work/Game Jams/Devtober_2024/GameSmithsDevtober24/Content/Materials/32px/Brick/Brick001_Roughness.uexp" 1579
"C:/Users/d3mon/Documents/1IMPORTANT/University Work/Game Jams/Devtober_2024/GameSmithsDevtober24/Content/Materials/32px/Brick/Brick001_Normal.uasset" 1580
"C:/Users/d3mon/Documents/1IMPORTANT/University Work/Game Jams/Devtober_2024/GameSmithsDevtober24/Content/Materials/32px/Brick/Brick001_Normal.uexp" 1581
"C:/Users/d3mon/Documents/1IMPORTANT/University Work/Game Jams/Devtober_2024/GameSmithsDevtober24/Content/Materials/32px/Brick/Brick001_Albedo.uasset" 1582
"C:/Users/d3mon/Documents/1IMPORTANT/University Work/Game Jams/Devtober_2024/GameSmithsDevtober24/Content/Materials/32px/Brick/Brick001_Albedo.uexp" 1583
"C:/Users/d3mon/Documents/1IMPORTANT/University Work/Game Jams/Devtober_2024/GameSmithsDevtober24/Content/Materials/32px/Brick/M_Brick001.uasset" 1584
"C:/Users/d3mon/Documents/1IMPORTANT/University Work/Game Jams/Devtober_2024/GameSmithsDevtober24/Content/Materials/32px/Brick/M_Brick001.uexp" 1585
"C:/Users/d3mon/Documents/1IMPORTANT/University Work/Game Jams/Devtober_2024/GameSmithsDevtober24/Content/TouchPads/MI_TouchPadGreen.uasset" 1586
"C:/Users/d3mon/Documents/1IMPORTANT/University Work/Game Jams/Devtober_2024/GameSmithsDevtober24/Content/TouchPads/MI_TouchPadGreen.uexp" 1587
"C:/Users/d3mon/Documents/1IMPORTANT/University Work/Game Jams/Devtober_2024/GameSmithsDevtober24/Content/TouchPads/StartGame.uasset" 1588
"C:/Users/d3mon/Documents/1IMPORTANT/University Work/Game Jams/Devtober_2024/GameSmithsDevtober24/Content/TouchPads/StartGame.uexp" 1589
"C:/Users/d3mon/Documents/1IMPORTANT/University Work/Game Jams/Devtober_2024/GameSmithsDevtober24/Content/WallMats/warning_floor.uasset" 1590
"C:/Users/d3mon/Documents/1IMPORTANT/University Work/Game Jams/Devtober_2024/GameSmithsDevtober24/Content/WallMats/warning_floor.uexp" 1591
"C:/Users/d3mon/Documents/1IMPORTANT/University Work/Game Jams/Devtober_2024/GameSmithsDevtober24/Content/WallMats/warning_floor_Mat.uasset" 1592
"C:/Users/d3mon/Documents/1IMPORTANT/University Work/Game Jams/Devtober_2024/GameSmithsDevtober24/Content/WallMats/warning_floor_Mat.uexp" 1593
"../../../Engine/Content/MapTemplates/SM_Template_Map_Floor.ubulk" 1594
"../../../Engine/Content/MapTemplates/SM_Template_Map_Floor.uasset" 1595
"../../../Engine/Content/MapTemplates/SM_Template_Map_Floor.uexp" 1596
"C:/Users/d3mon/Documents/1IMPORTANT/University Work/Game Jams/Devtober_2024/GameSmithsDevtober24/Content/TouchPads/M_TouchPadBlue.uasset" 1597
"C:/Users/d3mon/Documents/1IMPORTANT/University Work/Game Jams/Devtober_2024/GameSmithsDevtober24/Content/TouchPads/M_TouchPadBlue.uexp" 1598
"C:/Users/d3mon/Documents/1IMPORTANT/University Work/Game Jams/Devtober_2024/GameSmithsDevtober24/Content/TouchPads/StartSandbox.uasset" 1599
"C:/Users/d3mon/Documents/1IMPORTANT/University Work/Game Jams/Devtober_2024/GameSmithsDevtober24/Content/TouchPads/StartSandbox.uexp" 1600
"C:/Users/d3mon/Documents/1IMPORTANT/University Work/Game Jams/Devtober_2024/GameSmithsDevtober24/Content/WallMats/CrustyWall_Mat.uasset" 1601
"C:/Users/d3mon/Documents/1IMPORTANT/University Work/Game Jams/Devtober_2024/GameSmithsDevtober24/Content/WallMats/CrustyWall_Mat.uexp" 1602
"C:/Users/d3mon/Documents/1IMPORTANT/University Work/Game Jams/Devtober_2024/GameSmithsDevtober24/Content/TouchPads/MI_TouchPadYellow.uasset" 1603
"C:/Users/d3mon/Documents/1IMPORTANT/University Work/Game Jams/Devtober_2024/GameSmithsDevtober24/Content/TouchPads/MI_TouchPadYellow.uexp" 1604
"C:/Users/d3mon/Documents/1IMPORTANT/University Work/Game Jams/Devtober_2024/GameSmithsDevtober24/Content/UI/Images/coin.uasset" 1605
"C:/Users/d3mon/Documents/1IMPORTANT/University Work/Game Jams/Devtober_2024/GameSmithsDevtober24/Content/UI/Images/coin.uexp" 1606
"C:/Users/d3mon/Documents/1IMPORTANT/University Work/Game Jams/Devtober_2024/GameSmithsDevtober24/Content/UI/UI_Shop.uasset" 1607
"C:/Users/d3mon/Documents/1IMPORTANT/University Work/Game Jams/Devtober_2024/GameSmithsDevtober24/Content/UI/UI_Shop.uexp" 1608
"C:/Users/d3mon/Documents/1IMPORTANT/University Work/Game Jams/Devtober_2024/GameSmithsDevtober24/Content/TouchPads/StartUpgradeMenu.uasset" 1609
"C:/Users/d3mon/Documents/1IMPORTANT/University Work/Game Jams/Devtober_2024/GameSmithsDevtober24/Content/TouchPads/StartUpgradeMenu.uexp" 1610
"C:/Users/d3mon/Documents/1IMPORTANT/University Work/Game Jams/Devtober_2024/GameSmithsDevtober24/Content/DevAsset/Mesh/Character/HumanoidGeneric/Image_0.ubulk" 1611
"C:/Users/d3mon/Documents/1IMPORTANT/University Work/Game Jams/Devtober_2024/GameSmithsDevtober24/Content/DevAsset/Mesh/Character/HumanoidGeneric/Image_0.uasset" 1612
"C:/Users/d3mon/Documents/1IMPORTANT/University Work/Game Jams/Devtober_2024/GameSmithsDevtober24/Content/DevAsset/Mesh/Character/HumanoidGeneric/Image_0.uexp" 1613
"C:/Users/d3mon/Documents/1IMPORTANT/University Work/Game Jams/Devtober_2024/GameSmithsDevtober24/Content/DevAsset/Mesh/Character/HumanoidGeneric/Material_0.uasset" 1614
"C:/Users/d3mon/Documents/1IMPORTANT/University Work/Game Jams/Devtober_2024/GameSmithsDevtober24/Content/DevAsset/Mesh/Character/HumanoidGeneric/Material_0.uexp" 1615
"C:/Users/d3mon/Documents/1IMPORTANT/University Work/Game Jams/Devtober_2024/GameSmithsDevtober24/Content/DevAsset/Mesh/Character/HumanoidGeneric/Low_poly_fat_wide_Pid_1009121002_refine.ubulk" 1616
"C:/Users/d3mon/Documents/1IMPORTANT/University Work/Game Jams/Devtober_2024/GameSmithsDevtober24/Content/DevAsset/Mesh/Character/HumanoidGeneric/Low_poly_fat_wide_Pid_1009121002_refine.uasset" 1617
"C:/Users/d3mon/Documents/1IMPORTANT/University Work/Game Jams/Devtober_2024/GameSmithsDevtober24/Content/DevAsset/Mesh/Character/HumanoidGeneric/Low_poly_fat_wide_Pid_1009121002_refine.uexp" 1618
"C:/Users/d3mon/Documents/1IMPORTANT/University Work/Game Jams/Devtober_2024/GameSmithsDevtober24/Content/WallMats/Concrete_Mat.uasset" 1619
"C:/Users/d3mon/Documents/1IMPORTANT/University Work/Game Jams/Devtober_2024/GameSmithsDevtober24/Content/WallMats/Concrete_Mat.uexp" 1620
"C:/Users/d3mon/Documents/1IMPORTANT/University Work/Game Jams/Devtober_2024/GameSmithsDevtober24/Content/UserCreatedLevels/HubStart.uexp" 1621
"C:/Users/d3mon/Documents/1IMPORTANT/University Work/Game Jams/Devtober_2024/GameSmithsDevtober24/Content/UserCreatedLevels/HubStart.umap" 1622
"../../../Engine/Content/EngineMaterials/BlendFunc_DefBlend.uasset" 1623
"../../../Engine/Content/EngineMaterials/BlendFunc_DefBlend.uexp" 1624
"../../../Engine/Content/OpenWorldTemplate/LandscapeMaterial/T_GridChecker_A.ubulk" 1625
"../../../Engine/Content/OpenWorldTemplate/LandscapeMaterial/T_GridChecker_A.uasset" 1626
"../../../Engine/Content/OpenWorldTemplate/LandscapeMaterial/T_GridChecker_A.uexp" 1627
"../../../Engine/Content/EngineMaterials/BlendFunc_DefBase.uasset" 1628
"../../../Engine/Content/EngineMaterials/BlendFunc_DefBase.uexp" 1629
"../../../Engine/Content/Functions/Engine_MaterialFunctions03/Blends/Blend_Overlay.uasset" 1630
"../../../Engine/Content/Functions/Engine_MaterialFunctions03/Blends/Blend_Overlay.uexp" 1631
"../../../Engine/Content/OpenWorldTemplate/LandscapeMaterial/MF_ProcGrid.uasset" 1632
"../../../Engine/Content/OpenWorldTemplate/LandscapeMaterial/MF_ProcGrid.uexp" 1633
"../../../Engine/Content/OpenWorldTemplate/LandscapeMaterial/M_ProcGrid.uasset" 1634
"../../../Engine/Content/OpenWorldTemplate/LandscapeMaterial/M_ProcGrid.uexp" 1635
"../../../Engine/Content/OpenWorldTemplate/LandscapeMaterial/MI_ProcGrid.uasset" 1636
"../../../Engine/Content/OpenWorldTemplate/LandscapeMaterial/MI_ProcGrid.uexp" 1637
"../../../Engine/Content/BasicShapes/BasicShapeMaterial.uasset" 1638
"../../../Engine/Content/BasicShapes/BasicShapeMaterial.uexp" 1639
"C:/Users/d3mon/Documents/1IMPORTANT/University Work/Game Jams/Devtober_2024/GameSmithsDevtober24/Content/TutorialAssets/FadeWall.uasset" 1640
"C:/Users/d3mon/Documents/1IMPORTANT/University Work/Game Jams/Devtober_2024/GameSmithsDevtober24/Content/TutorialAssets/FadeWall.uexp" 1641
"C:/Users/d3mon/Documents/1IMPORTANT/University Work/Game Jams/Devtober_2024/GameSmithsDevtober24/Content/TouchPads/MenuPad.uasset" 1642
"C:/Users/d3mon/Documents/1IMPORTANT/University Work/Game Jams/Devtober_2024/GameSmithsDevtober24/Content/TouchPads/MenuPad.uexp" 1643
"C:/Users/d3mon/Documents/1IMPORTANT/University Work/Game Jams/Devtober_2024/GameSmithsDevtober24/Content/UserCreatedLevels/TutorialLevel.uexp" 1644
"C:/Users/d3mon/Documents/1IMPORTANT/University Work/Game Jams/Devtober_2024/GameSmithsDevtober24/Content/UserCreatedLevels/TutorialLevel.umap" 1645
"../../../Engine/Content/Maps/Entry_BuiltData.uasset" 1646
"../../../Engine/Content/Maps/Entry_BuiltData.uexp" 1647
"../../../Engine/Content/Maps/Entry.uexp" 1648
"../../../Engine/Content/Maps/Entry.umap" 1649
"C:/Users/d3mon/Documents/1IMPORTANT/University Work/Game Jams/Devtober_2024/GameSmithsDevtober24/Content/StarterContent/Textures/T_Frame_M.ubulk" 1650
"C:/Users/d3mon/Documents/1IMPORTANT/University Work/Game Jams/Devtober_2024/GameSmithsDevtober24/Content/StarterContent/Textures/T_Frame_M.uasset" 1651
"C:/Users/d3mon/Documents/1IMPORTANT/University Work/Game Jams/Devtober_2024/GameSmithsDevtober24/Content/StarterContent/Textures/T_Frame_M.uexp" 1652
"C:/Users/d3mon/Documents/1IMPORTANT/University Work/Game Jams/Devtober_2024/GameSmithsDevtober24/Content/StarterContent/Textures/T_Frame_N.ubulk" 1653
"C:/Users/d3mon/Documents/1IMPORTANT/University Work/Game Jams/Devtober_2024/GameSmithsDevtober24/Content/StarterContent/Textures/T_Frame_N.uasset" 1654
"C:/Users/d3mon/Documents/1IMPORTANT/University Work/Game Jams/Devtober_2024/GameSmithsDevtober24/Content/StarterContent/Textures/T_Frame_N.uexp" 1655
"C:/Users/d3mon/Documents/1IMPORTANT/University Work/Game Jams/Devtober_2024/GameSmithsDevtober24/Content/StarterContent/Props/Materials/M_Frame.uasset" 1656
"C:/Users/d3mon/Documents/1IMPORTANT/University Work/Game Jams/Devtober_2024/GameSmithsDevtober24/Content/StarterContent/Props/Materials/M_Frame.uexp" 1657
"C:/Users/d3mon/Documents/1IMPORTANT/University Work/Game Jams/Devtober_2024/GameSmithsDevtober24/Content/StarterContent/Props/SM_DoorFrame.ubulk" 1658
"C:/Users/d3mon/Documents/1IMPORTANT/University Work/Game Jams/Devtober_2024/GameSmithsDevtober24/Content/StarterContent/Props/SM_DoorFrame.uasset" 1659
"C:/Users/d3mon/Documents/1IMPORTANT/University Work/Game Jams/Devtober_2024/GameSmithsDevtober24/Content/StarterContent/Props/SM_DoorFrame.uexp" 1660
"C:/Users/d3mon/Documents/1IMPORTANT/University Work/Game Jams/Devtober_2024/GameSmithsDevtober24/Content/StarterContent/Textures/T_MacroVariation.uasset" 1661
"C:/Users/d3mon/Documents/1IMPORTANT/University Work/Game Jams/Devtober_2024/GameSmithsDevtober24/Content/StarterContent/Textures/T_MacroVariation.uexp" 1662
"C:/Users/d3mon/Documents/1IMPORTANT/University Work/Game Jams/Devtober_2024/GameSmithsDevtober24/Content/StarterContent/Materials/M_Metal_Brushed_Nickel.uasset" 1663
"C:/Users/d3mon/Documents/1IMPORTANT/University Work/Game Jams/Devtober_2024/GameSmithsDevtober24/Content/StarterContent/Materials/M_Metal_Brushed_Nickel.uexp" 1664
"C:/Users/d3mon/Documents/1IMPORTANT/University Work/Game Jams/Devtober_2024/GameSmithsDevtober24/Content/StarterContent/Textures/T_Lamp_N.ubulk" 1665
"C:/Users/d3mon/Documents/1IMPORTANT/University Work/Game Jams/Devtober_2024/GameSmithsDevtober24/Content/StarterContent/Textures/T_Lamp_N.uasset" 1666
"C:/Users/d3mon/Documents/1IMPORTANT/University Work/Game Jams/Devtober_2024/GameSmithsDevtober24/Content/StarterContent/Textures/T_Lamp_N.uexp" 1667
"C:/Users/d3mon/Documents/1IMPORTANT/University Work/Game Jams/Devtober_2024/GameSmithsDevtober24/Content/StarterContent/Textures/T_Lamp_M.ubulk" 1668
"C:/Users/d3mon/Documents/1IMPORTANT/University Work/Game Jams/Devtober_2024/GameSmithsDevtober24/Content/StarterContent/Textures/T_Lamp_M.uasset" 1669
"C:/Users/d3mon/Documents/1IMPORTANT/University Work/Game Jams/Devtober_2024/GameSmithsDevtober24/Content/StarterContent/Textures/T_Lamp_M.uexp" 1670
"C:/Users/d3mon/Documents/1IMPORTANT/University Work/Game Jams/Devtober_2024/GameSmithsDevtober24/Content/StarterContent/Props/Materials/M_Lamp.uasset" 1671
"C:/Users/d3mon/Documents/1IMPORTANT/University Work/Game Jams/Devtober_2024/GameSmithsDevtober24/Content/StarterContent/Props/Materials/M_Lamp.uexp" 1672
"C:/Users/d3mon/Documents/1IMPORTANT/University Work/Game Jams/Devtober_2024/GameSmithsDevtober24/Content/StarterContent/Props/SM_Lamp_Ceiling.ubulk" 1673
"C:/Users/d3mon/Documents/1IMPORTANT/University Work/Game Jams/Devtober_2024/GameSmithsDevtober24/Content/StarterContent/Props/SM_Lamp_Ceiling.uasset" 1674
"C:/Users/d3mon/Documents/1IMPORTANT/University Work/Game Jams/Devtober_2024/GameSmithsDevtober24/Content/StarterContent/Props/SM_Lamp_Ceiling.uexp" 1675
"C:/Users/d3mon/Documents/1IMPORTANT/University Work/Game Jams/Devtober_2024/GameSmithsDevtober24/Content/StarterContent/Blueprints/Blueprint_CeilingLight.uasset" 1676
"C:/Users/d3mon/Documents/1IMPORTANT/University Work/Game Jams/Devtober_2024/GameSmithsDevtober24/Content/StarterContent/Blueprints/Blueprint_CeilingLight.uexp" 1677
"../../../Engine/Content/Functions/Engine_MaterialFunctions03/Procedurals/ComputeFilterWidth.uasset" 1678
"../../../Engine/Content/Functions/Engine_MaterialFunctions03/Procedurals/ComputeFilterWidth.uexp" 1679
"../../../Engine/Content/EngineMaterials/AntiAliasedTextMaterialTranslucent.uasset" 1680
"../../../Engine/Content/EngineMaterials/AntiAliasedTextMaterialTranslucent.uexp" 1681
"C:/Users/d3mon/Documents/1IMPORTANT/University Work/Game Jams/Devtober_2024/GameSmithsDevtober24/Content/StarterContent/Architecture/Wall_Door_400x300.ubulk" 1682
"C:/Users/d3mon/Documents/1IMPORTANT/University Work/Game Jams/Devtober_2024/GameSmithsDevtober24/Content/StarterContent/Architecture/Wall_Door_400x300.uasset" 1683
"C:/Users/d3mon/Documents/1IMPORTANT/University Work/Game Jams/Devtober_2024/GameSmithsDevtober24/Content/StarterContent/Architecture/Wall_Door_400x300.uexp" 1684
"C:/Users/d3mon/Documents/1IMPORTANT/University Work/Game Jams/Devtober_2024/GameSmithsDevtober24/Content/StarterContent/Textures/T_Wood_Pine_D.ubulk" 1685
"C:/Users/d3mon/Documents/1IMPORTANT/University Work/Game Jams/Devtober_2024/GameSmithsDevtober24/Content/StarterContent/Textures/T_Wood_Pine_D.uasset" 1686
"C:/Users/d3mon/Documents/1IMPORTANT/University Work/Game Jams/Devtober_2024/GameSmithsDevtober24/Content/StarterContent/Textures/T_Wood_Pine_D.uexp" 1687
"C:/Users/d3mon/Documents/1IMPORTANT/University Work/Game Jams/Devtober_2024/GameSmithsDevtober24/Content/StarterContent/Textures/T_Wood_Pine_N.ubulk" 1688
"C:/Users/d3mon/Documents/1IMPORTANT/University Work/Game Jams/Devtober_2024/GameSmithsDevtober24/Content/StarterContent/Textures/T_Wood_Pine_N.uasset" 1689
"C:/Users/d3mon/Documents/1IMPORTANT/University Work/Game Jams/Devtober_2024/GameSmithsDevtober24/Content/StarterContent/Textures/T_Wood_Pine_N.uexp" 1690
"C:/Users/d3mon/Documents/1IMPORTANT/University Work/Game Jams/Devtober_2024/GameSmithsDevtober24/Content/StarterContent/Materials/M_Wood_Pine.uasset" 1691
"C:/Users/d3mon/Documents/1IMPORTANT/University Work/Game Jams/Devtober_2024/GameSmithsDevtober24/Content/StarterContent/Materials/M_Wood_Pine.uexp" 1692
"C:/Users/d3mon/Documents/1IMPORTANT/University Work/Game Jams/Devtober_2024/GameSmithsDevtober24/Content/StarterContent/Textures/T_Rock_Smooth_Granite_D.ubulk" 1693
"C:/Users/d3mon/Documents/1IMPORTANT/University Work/Game Jams/Devtober_2024/GameSmithsDevtober24/Content/StarterContent/Textures/T_Rock_Smooth_Granite_D.uasset" 1694
"C:/Users/d3mon/Documents/1IMPORTANT/University Work/Game Jams/Devtober_2024/GameSmithsDevtober24/Content/StarterContent/Textures/T_Rock_Smooth_Granite_D.uexp" 1695
"C:/Users/d3mon/Documents/1IMPORTANT/University Work/Game Jams/Devtober_2024/GameSmithsDevtober24/Content/StarterContent/Textures/T_CobbleStone_Smooth_D.ubulk" 1696
"C:/Users/d3mon/Documents/1IMPORTANT/University Work/Game Jams/Devtober_2024/GameSmithsDevtober24/Content/StarterContent/Textures/T_CobbleStone_Smooth_D.uasset" 1697
"C:/Users/d3mon/Documents/1IMPORTANT/University Work/Game Jams/Devtober_2024/GameSmithsDevtober24/Content/StarterContent/Textures/T_CobbleStone_Smooth_D.uexp" 1698
"C:/Users/d3mon/Documents/1IMPORTANT/University Work/Game Jams/Devtober_2024/GameSmithsDevtober24/Content/StarterContent/Textures/T_Gradinet_01.ubulk" 1699
"C:/Users/d3mon/Documents/1IMPORTANT/University Work/Game Jams/Devtober_2024/GameSmithsDevtober24/Content/StarterContent/Textures/T_Gradinet_01.uasset" 1700
"C:/Users/d3mon/Documents/1IMPORTANT/University Work/Game Jams/Devtober_2024/GameSmithsDevtober24/Content/StarterContent/Textures/T_Gradinet_01.uexp" 1701
"C:/Users/d3mon/Documents/1IMPORTANT/University Work/Game Jams/Devtober_2024/GameSmithsDevtober24/Content/StarterContent/Textures/T_CobbleStone_Smooth_M.ubulk" 1702
"C:/Users/d3mon/Documents/1IMPORTANT/University Work/Game Jams/Devtober_2024/GameSmithsDevtober24/Content/StarterContent/Textures/T_CobbleStone_Smooth_M.uasset" 1703
"C:/Users/d3mon/Documents/1IMPORTANT/University Work/Game Jams/Devtober_2024/GameSmithsDevtober24/Content/StarterContent/Textures/T_CobbleStone_Smooth_M.uexp" 1704
"C:/Users/d3mon/Documents/1IMPORTANT/University Work/Game Jams/Devtober_2024/GameSmithsDevtober24/Content/StarterContent/Textures/T_CobbleStone_Smooth_N.ubulk" 1705
"C:/Users/d3mon/Documents/1IMPORTANT/University Work/Game Jams/Devtober_2024/GameSmithsDevtober24/Content/StarterContent/Textures/T_CobbleStone_Smooth_N.uasset" 1706
"C:/Users/d3mon/Documents/1IMPORTANT/University Work/Game Jams/Devtober_2024/GameSmithsDevtober24/Content/StarterContent/Textures/T_CobbleStone_Smooth_N.uexp" 1707
"C:/Users/d3mon/Documents/1IMPORTANT/University Work/Game Jams/Devtober_2024/GameSmithsDevtober24/Content/StarterContent/Materials/M_CobbleStone_Smooth.uasset" 1708
"C:/Users/d3mon/Documents/1IMPORTANT/University Work/Game Jams/Devtober_2024/GameSmithsDevtober24/Content/StarterContent/Materials/M_CobbleStone_Smooth.uexp" 1709
"C:/Users/d3mon/Documents/1IMPORTANT/University Work/Game Jams/Devtober_2024/GameSmithsDevtober24/Content/StarterContent/Textures/T_Rock_Basalt_N.ubulk" 1710
"C:/Users/d3mon/Documents/1IMPORTANT/University Work/Game Jams/Devtober_2024/GameSmithsDevtober24/Content/StarterContent/Textures/T_Rock_Basalt_N.uasset" 1711
"C:/Users/d3mon/Documents/1IMPORTANT/University Work/Game Jams/Devtober_2024/GameSmithsDevtober24/Content/StarterContent/Textures/T_Rock_Basalt_N.uexp" 1712
"C:/Users/d3mon/Documents/1IMPORTANT/University Work/Game Jams/Devtober_2024/GameSmithsDevtober24/Content/StarterContent/Materials/M_Rock_Basalt.uasset" 1713
"C:/Users/d3mon/Documents/1IMPORTANT/University Work/Game Jams/Devtober_2024/GameSmithsDevtober24/Content/StarterContent/Materials/M_Rock_Basalt.uexp" 1714
"C:/Users/d3mon/Documents/1IMPORTANT/University Work/Game Jams/Devtober_2024/GameSmithsDevtober24/Content/StarterContent/Shapes/Shape_Cube.ubulk" 1715
"C:/Users/d3mon/Documents/1IMPORTANT/University Work/Game Jams/Devtober_2024/GameSmithsDevtober24/Content/StarterContent/Shapes/Shape_Cube.uasset" 1716
"C:/Users/d3mon/Documents/1IMPORTANT/University Work/Game Jams/Devtober_2024/GameSmithsDevtober24/Content/StarterContent/Shapes/Shape_Cube.uexp" 1717
"C:/Users/d3mon/Documents/1IMPORTANT/University Work/Game Jams/Devtober_2024/GameSmithsDevtober24/Content/StarterContent/Textures/T_Concrete_Tiles_Variation_M.ubulk" 1718
"C:/Users/d3mon/Documents/1IMPORTANT/University Work/Game Jams/Devtober_2024/GameSmithsDevtober24/Content/StarterContent/Textures/T_Concrete_Tiles_Variation_M.uasset" 1719
"C:/Users/d3mon/Documents/1IMPORTANT/University Work/Game Jams/Devtober_2024/GameSmithsDevtober24/Content/StarterContent/Textures/T_Concrete_Tiles_Variation_M.uexp" 1720
"C:/Users/d3mon/Documents/1IMPORTANT/University Work/Game Jams/Devtober_2024/GameSmithsDevtober24/Content/StarterContent/Textures/T_Concrete_Tiles_D.ubulk" 1721
"C:/Users/d3mon/Documents/1IMPORTANT/University Work/Game Jams/Devtober_2024/GameSmithsDevtober24/Content/StarterContent/Textures/T_Concrete_Tiles_D.uasset" 1722
"C:/Users/d3mon/Documents/1IMPORTANT/University Work/Game Jams/Devtober_2024/GameSmithsDevtober24/Content/StarterContent/Textures/T_Concrete_Tiles_D.uexp" 1723
"C:/Users/d3mon/Documents/1IMPORTANT/University Work/Game Jams/Devtober_2024/GameSmithsDevtober24/Content/StarterContent/Textures/T_Concrete_Tiles_M.ubulk" 1724
"C:/Users/d3mon/Documents/1IMPORTANT/University Work/Game Jams/Devtober_2024/GameSmithsDevtober24/Content/StarterContent/Textures/T_Concrete_Tiles_M.uasset" 1725
"C:/Users/d3mon/Documents/1IMPORTANT/University Work/Game Jams/Devtober_2024/GameSmithsDevtober24/Content/StarterContent/Textures/T_Concrete_Tiles_M.uexp" 1726
"C:/Users/d3mon/Documents/1IMPORTANT/University Work/Game Jams/Devtober_2024/GameSmithsDevtober24/Content/StarterContent/Textures/T_Concrete_Tiles_N.ubulk" 1727
"C:/Users/d3mon/Documents/1IMPORTANT/University Work/Game Jams/Devtober_2024/GameSmithsDevtober24/Content/StarterContent/Textures/T_Concrete_Tiles_N.uasset" 1728
"C:/Users/d3mon/Documents/1IMPORTANT/University Work/Game Jams/Devtober_2024/GameSmithsDevtober24/Content/StarterContent/Textures/T_Concrete_Tiles_N.uexp" 1729
"C:/Users/d3mon/Documents/1IMPORTANT/University Work/Game Jams/Devtober_2024/GameSmithsDevtober24/Content/StarterContent/Materials/M_Concrete_Tiles.uasset" 1730
"C:/Users/d3mon/Documents/1IMPORTANT/University Work/Game Jams/Devtober_2024/GameSmithsDevtober24/Content/StarterContent/Materials/M_Concrete_Tiles.uexp" 1731
"C:/Users/d3mon/Documents/1IMPORTANT/University Work/Game Jams/Devtober_2024/GameSmithsDevtober24/Content/StarterContent/Props/MaterialSphere.ubulk" 1732
"C:/Users/d3mon/Documents/1IMPORTANT/University Work/Game Jams/Devtober_2024/GameSmithsDevtober24/Content/StarterContent/Props/MaterialSphere.uasset" 1733
"C:/Users/d3mon/Documents/1IMPORTANT/University Work/Game Jams/Devtober_2024/GameSmithsDevtober24/Content/StarterContent/Props/MaterialSphere.uexp" 1734
"C:/Users/d3mon/Documents/1IMPORTANT/University Work/Game Jams/Devtober_2024/GameSmithsDevtober24/Content/StarterContent/Textures/T_Metal_Rust_N.ubulk" 1735
"C:/Users/d3mon/Documents/1IMPORTANT/University Work/Game Jams/Devtober_2024/GameSmithsDevtober24/Content/StarterContent/Textures/T_Metal_Rust_N.uasset" 1736
"C:/Users/d3mon/Documents/1IMPORTANT/University Work/Game Jams/Devtober_2024/GameSmithsDevtober24/Content/StarterContent/Textures/T_Metal_Rust_N.uexp" 1737
"C:/Users/d3mon/Documents/1IMPORTANT/University Work/Game Jams/Devtober_2024/GameSmithsDevtober24/Content/StarterContent/Textures/T_Metal_Rust_D.ubulk" 1738
"C:/Users/d3mon/Documents/1IMPORTANT/University Work/Game Jams/Devtober_2024/GameSmithsDevtober24/Content/StarterContent/Textures/T_Metal_Rust_D.uasset" 1739
"C:/Users/d3mon/Documents/1IMPORTANT/University Work/Game Jams/Devtober_2024/GameSmithsDevtober24/Content/StarterContent/Textures/T_Metal_Rust_D.uexp" 1740
"C:/Users/d3mon/Documents/1IMPORTANT/University Work/Game Jams/Devtober_2024/GameSmithsDevtober24/Content/StarterContent/Materials/M_Metal_Rust.uasset" 1741
"C:/Users/d3mon/Documents/1IMPORTANT/University Work/Game Jams/Devtober_2024/GameSmithsDevtober24/Content/StarterContent/Materials/M_Metal_Rust.uexp" 1742
"C:/Users/d3mon/Documents/1IMPORTANT/University Work/Game Jams/Devtober_2024/GameSmithsDevtober24/Content/StarterContent/Textures/T_Rock_Slate_D.ubulk" 1743
"C:/Users/d3mon/Documents/1IMPORTANT/University Work/Game Jams/Devtober_2024/GameSmithsDevtober24/Content/StarterContent/Textures/T_Rock_Slate_D.uasset" 1744
"C:/Users/d3mon/Documents/1IMPORTANT/University Work/Game Jams/Devtober_2024/GameSmithsDevtober24/Content/StarterContent/Textures/T_Rock_Slate_D.uexp" 1745
"C:/Users/d3mon/Documents/1IMPORTANT/University Work/Game Jams/Devtober_2024/GameSmithsDevtober24/Content/StarterContent/Textures/T_Rock_Slate_N.ubulk" 1746
"C:/Users/d3mon/Documents/1IMPORTANT/University Work/Game Jams/Devtober_2024/GameSmithsDevtober24/Content/StarterContent/Textures/T_Rock_Slate_N.uasset" 1747
"C:/Users/d3mon/Documents/1IMPORTANT/University Work/Game Jams/Devtober_2024/GameSmithsDevtober24/Content/StarterContent/Textures/T_Rock_Slate_N.uexp" 1748
"C:/Users/d3mon/Documents/1IMPORTANT/University Work/Game Jams/Devtober_2024/GameSmithsDevtober24/Content/StarterContent/Materials/M_Rock_Slate.uasset" 1749
"C:/Users/d3mon/Documents/1IMPORTANT/University Work/Game Jams/Devtober_2024/GameSmithsDevtober24/Content/StarterContent/Materials/M_Rock_Slate.uexp" 1750
"C:/Users/d3mon/Documents/1IMPORTANT/University Work/Game Jams/Devtober_2024/GameSmithsDevtober24/Content/StarterContent/Textures/T_Concrete_Poured_D.ubulk" 1751
"C:/Users/d3mon/Documents/1IMPORTANT/University Work/Game Jams/Devtober_2024/GameSmithsDevtober24/Content/StarterContent/Textures/T_Concrete_Poured_D.uasset" 1752
"C:/Users/d3mon/Documents/1IMPORTANT/University Work/Game Jams/Devtober_2024/GameSmithsDevtober24/Content/StarterContent/Textures/T_Concrete_Poured_D.uexp" 1753
"C:/Users/d3mon/Documents/1IMPORTANT/University Work/Game Jams/Devtober_2024/GameSmithsDevtober24/Content/StarterContent/Textures/T_Concrete_Poured_N.ubulk" 1754
"C:/Users/d3mon/Documents/1IMPORTANT/University Work/Game Jams/Devtober_2024/GameSmithsDevtober24/Content/StarterContent/Textures/T_Concrete_Poured_N.uasset" 1755
"C:/Users/d3mon/Documents/1IMPORTANT/University Work/Game Jams/Devtober_2024/GameSmithsDevtober24/Content/StarterContent/Textures/T_Concrete_Poured_N.uexp" 1756
"C:/Users/d3mon/Documents/1IMPORTANT/University Work/Game Jams/Devtober_2024/GameSmithsDevtober24/Content/StarterContent/Materials/M_Concrete_Poured.uasset" 1757
"C:/Users/d3mon/Documents/1IMPORTANT/University Work/Game Jams/Devtober_2024/GameSmithsDevtober24/Content/StarterContent/Materials/M_Concrete_Poured.uexp" 1758
"C:/Users/d3mon/Documents/1IMPORTANT/University Work/Game Jams/Devtober_2024/GameSmithsDevtober24/Content/StarterContent/Textures/T_Brick_Clay_Beveled_M.ubulk" 1759
"C:/Users/d3mon/Documents/1IMPORTANT/University Work/Game Jams/Devtober_2024/GameSmithsDevtober24/Content/StarterContent/Textures/T_Brick_Clay_Beveled_M.uasset" 1760
"C:/Users/d3mon/Documents/1IMPORTANT/University Work/Game Jams/Devtober_2024/GameSmithsDevtober24/Content/StarterContent/Textures/T_Brick_Clay_Beveled_M.uexp" 1761
"C:/Users/d3mon/Documents/1IMPORTANT/University Work/Game Jams/Devtober_2024/GameSmithsDevtober24/Content/StarterContent/Textures/T_Brick_Clay_Beveled_N.ubulk" 1762
"C:/Users/d3mon/Documents/1IMPORTANT/University Work/Game Jams/Devtober_2024/GameSmithsDevtober24/Content/StarterContent/Textures/T_Brick_Clay_Beveled_N.uasset" 1763
"C:/Users/d3mon/Documents/1IMPORTANT/University Work/Game Jams/Devtober_2024/GameSmithsDevtober24/Content/StarterContent/Textures/T_Brick_Clay_Beveled_N.uexp" 1764
"C:/Users/d3mon/Documents/1IMPORTANT/University Work/Game Jams/Devtober_2024/GameSmithsDevtober24/Content/StarterContent/Textures/T_Brick_Clay_Beveled_D.ubulk" 1765
"C:/Users/d3mon/Documents/1IMPORTANT/University Work/Game Jams/Devtober_2024/GameSmithsDevtober24/Content/StarterContent/Textures/T_Brick_Clay_Beveled_D.uasset" 1766
"C:/Users/d3mon/Documents/1IMPORTANT/University Work/Game Jams/Devtober_2024/GameSmithsDevtober24/Content/StarterContent/Textures/T_Brick_Clay_Beveled_D.uexp" 1767
"C:/Users/d3mon/Documents/1IMPORTANT/University Work/Game Jams/Devtober_2024/GameSmithsDevtober24/Content/StarterContent/Materials/M_Brick_Clay_Beveled.uasset" 1768
"C:/Users/d3mon/Documents/1IMPORTANT/University Work/Game Jams/Devtober_2024/GameSmithsDevtober24/Content/StarterContent/Materials/M_Brick_Clay_Beveled.uexp" 1769
"C:/Users/d3mon/Documents/1IMPORTANT/University Work/Game Jams/Devtober_2024/GameSmithsDevtober24/Content/StarterContent/Textures/T_Tech_Hex_Tile_M.ubulk" 1770
"C:/Users/d3mon/Documents/1IMPORTANT/University Work/Game Jams/Devtober_2024/GameSmithsDevtober24/Content/StarterContent/Textures/T_Tech_Hex_Tile_M.uasset" 1771
"C:/Users/d3mon/Documents/1IMPORTANT/University Work/Game Jams/Devtober_2024/GameSmithsDevtober24/Content/StarterContent/Textures/T_Tech_Hex_Tile_M.uexp" 1772
"C:/Users/d3mon/Documents/1IMPORTANT/University Work/Game Jams/Devtober_2024/GameSmithsDevtober24/Content/StarterContent/Textures/T_Tech_Hex_Tile_N.ubulk" 1773
"C:/Users/d3mon/Documents/1IMPORTANT/University Work/Game Jams/Devtober_2024/GameSmithsDevtober24/Content/StarterContent/Textures/T_Tech_Hex_Tile_N.uasset" 1774
"C:/Users/d3mon/Documents/1IMPORTANT/University Work/Game Jams/Devtober_2024/GameSmithsDevtober24/Content/StarterContent/Textures/T_Tech_Hex_Tile_N.uexp" 1775
"C:/Users/d3mon/Documents/1IMPORTANT/University Work/Game Jams/Devtober_2024/GameSmithsDevtober24/Content/StarterContent/Materials/M_Tech_Hex_Tile.uasset" 1776
"C:/Users/d3mon/Documents/1IMPORTANT/University Work/Game Jams/Devtober_2024/GameSmithsDevtober24/Content/StarterContent/Materials/M_Tech_Hex_Tile.uexp" 1777
"../../../Engine/Content/Functions/Engine_MaterialFunctions01/Opacity/AlphaOffset.uasset" 1778
"../../../Engine/Content/Functions/Engine_MaterialFunctions01/Opacity/AlphaOffset.uexp" 1779
"C:/Users/d3mon/Documents/1IMPORTANT/University Work/Game Jams/Devtober_2024/GameSmithsDevtober24/Content/StarterContent/Textures/T_Wood_Floor_Walnut_M.ubulk" 1780
"C:/Users/d3mon/Documents/1IMPORTANT/University Work/Game Jams/Devtober_2024/GameSmithsDevtober24/Content/StarterContent/Textures/T_Wood_Floor_Walnut_M.uasset" 1781
"C:/Users/d3mon/Documents/1IMPORTANT/University Work/Game Jams/Devtober_2024/GameSmithsDevtober24/Content/StarterContent/Textures/T_Wood_Floor_Walnut_M.uexp" 1782
"C:/Users/d3mon/Documents/1IMPORTANT/University Work/Game Jams/Devtober_2024/GameSmithsDevtober24/Content/StarterContent/Textures/T_Wood_Floor_Walnut_D.ubulk" 1783
"C:/Users/d3mon/Documents/1IMPORTANT/University Work/Game Jams/Devtober_2024/GameSmithsDevtober24/Content/StarterContent/Textures/T_Wood_Floor_Walnut_D.uasset" 1784
"C:/Users/d3mon/Documents/1IMPORTANT/University Work/Game Jams/Devtober_2024/GameSmithsDevtober24/Content/StarterContent/Textures/T_Wood_Floor_Walnut_D.uexp" 1785
"C:/Users/d3mon/Documents/1IMPORTANT/University Work/Game Jams/Devtober_2024/GameSmithsDevtober24/Content/StarterContent/Textures/T_Wood_Floor_Walnut_N.ubulk" 1786
"C:/Users/d3mon/Documents/1IMPORTANT/University Work/Game Jams/Devtober_2024/GameSmithsDevtober24/Content/StarterContent/Textures/T_Wood_Floor_Walnut_N.uasset" 1787
"C:/Users/d3mon/Documents/1IMPORTANT/University Work/Game Jams/Devtober_2024/GameSmithsDevtober24/Content/StarterContent/Textures/T_Wood_Floor_Walnut_N.uexp" 1788
"C:/Users/d3mon/Documents/1IMPORTANT/University Work/Game Jams/Devtober_2024/GameSmithsDevtober24/Content/StarterContent/Materials/M_Wood_Floor_Walnut_Worn.uasset" 1789
"C:/Users/d3mon/Documents/1IMPORTANT/University Work/Game Jams/Devtober_2024/GameSmithsDevtober24/Content/StarterContent/Materials/M_Wood_Floor_Walnut_Worn.uexp" 1790
"C:/Users/d3mon/Documents/1IMPORTANT/University Work/Game Jams/Devtober_2024/GameSmithsDevtober24/Content/StarterContent/Textures/T_Ground_Gravel_N.ubulk" 1791
"C:/Users/d3mon/Documents/1IMPORTANT/University Work/Game Jams/Devtober_2024/GameSmithsDevtober24/Content/StarterContent/Textures/T_Ground_Gravel_N.uasset" 1792
"C:/Users/d3mon/Documents/1IMPORTANT/University Work/Game Jams/Devtober_2024/GameSmithsDevtober24/Content/StarterContent/Textures/T_Ground_Gravel_N.uexp" 1793
"C:/Users/d3mon/Documents/1IMPORTANT/University Work/Game Jams/Devtober_2024/GameSmithsDevtober24/Content/StarterContent/Textures/T_Ground_Gravel_D.ubulk" 1794
"C:/Users/d3mon/Documents/1IMPORTANT/University Work/Game Jams/Devtober_2024/GameSmithsDevtober24/Content/StarterContent/Textures/T_Ground_Gravel_D.uasset" 1795
"C:/Users/d3mon/Documents/1IMPORTANT/University Work/Game Jams/Devtober_2024/GameSmithsDevtober24/Content/StarterContent/Textures/T_Ground_Gravel_D.uexp" 1796
"C:/Users/d3mon/Documents/1IMPORTANT/University Work/Game Jams/Devtober_2024/GameSmithsDevtober24/Content/StarterContent/Materials/M_Ground_Gravel.uasset" 1797
"C:/Users/d3mon/Documents/1IMPORTANT/University Work/Game Jams/Devtober_2024/GameSmithsDevtober24/Content/StarterContent/Materials/M_Ground_Gravel.uexp" 1798
"C:/Users/d3mon/Documents/1IMPORTANT/University Work/Game Jams/Devtober_2024/GameSmithsDevtober24/Content/StarterContent/Audio/Steam01_Cue.uasset" 1799
"C:/Users/d3mon/Documents/1IMPORTANT/University Work/Game Jams/Devtober_2024/GameSmithsDevtober24/Content/StarterContent/Audio/Steam01_Cue.uexp" 1800
"C:/Users/d3mon/Documents/1IMPORTANT/University Work/Game Jams/Devtober_2024/GameSmithsDevtober24/Content/StarterContent/Particles/P_Steam_Lit.uasset" 1801
"C:/Users/d3mon/Documents/1IMPORTANT/University Work/Game Jams/Devtober_2024/GameSmithsDevtober24/Content/StarterContent/Particles/P_Steam_Lit.uexp" 1802
"C:/Users/d3mon/Documents/1IMPORTANT/University Work/Game Jams/Devtober_2024/GameSmithsDevtober24/Content/StarterContent/Blueprints/Blueprint_Effect_Steam.uasset" 1803
"C:/Users/d3mon/Documents/1IMPORTANT/University Work/Game Jams/Devtober_2024/GameSmithsDevtober24/Content/StarterContent/Blueprints/Blueprint_Effect_Steam.uexp" 1804
"C:/Users/d3mon/Documents/1IMPORTANT/University Work/Game Jams/Devtober_2024/GameSmithsDevtober24/Content/StarterContent/Audio/Fire_Sparks01_Cue.uasset" 1805
"C:/Users/d3mon/Documents/1IMPORTANT/University Work/Game Jams/Devtober_2024/GameSmithsDevtober24/Content/StarterContent/Audio/Fire_Sparks01_Cue.uexp" 1806
"C:/Users/d3mon/Documents/1IMPORTANT/University Work/Game Jams/Devtober_2024/GameSmithsDevtober24/Content/StarterContent/Textures/T_Spark_Core.ubulk" 1807
"C:/Users/d3mon/Documents/1IMPORTANT/University Work/Game Jams/Devtober_2024/GameSmithsDevtober24/Content/StarterContent/Textures/T_Spark_Core.uasset" 1808
"C:/Users/d3mon/Documents/1IMPORTANT/University Work/Game Jams/Devtober_2024/GameSmithsDevtober24/Content/StarterContent/Textures/T_Spark_Core.uexp" 1809
"C:/Users/d3mon/Documents/1IMPORTANT/University Work/Game Jams/Devtober_2024/GameSmithsDevtober24/Content/StarterContent/Particles/Materials/M_Spark.uasset" 1810
"C:/Users/d3mon/Documents/1IMPORTANT/University Work/Game Jams/Devtober_2024/GameSmithsDevtober24/Content/StarterContent/Particles/Materials/M_Spark.uexp" 1811
"C:/Users/d3mon/Documents/1IMPORTANT/University Work/Game Jams/Devtober_2024/GameSmithsDevtober24/Content/StarterContent/Particles/Materials/M_Radial_Gradient.uasset" 1812
"C:/Users/d3mon/Documents/1IMPORTANT/University Work/Game Jams/Devtober_2024/GameSmithsDevtober24/Content/StarterContent/Particles/Materials/M_Radial_Gradient.uexp" 1813
"C:/Users/d3mon/Documents/1IMPORTANT/University Work/Game Jams/Devtober_2024/GameSmithsDevtober24/Content/StarterContent/Particles/P_Sparks.uasset" 1814
"C:/Users/d3mon/Documents/1IMPORTANT/University Work/Game Jams/Devtober_2024/GameSmithsDevtober24/Content/StarterContent/Particles/P_Sparks.uexp" 1815
"C:/Users/d3mon/Documents/1IMPORTANT/University Work/Game Jams/Devtober_2024/GameSmithsDevtober24/Content/StarterContent/Blueprints/Blueprint_Effect_Sparks.uasset" 1816
"C:/Users/d3mon/Documents/1IMPORTANT/University Work/Game Jams/Devtober_2024/GameSmithsDevtober24/Content/StarterContent/Blueprints/Blueprint_Effect_Sparks.uexp" 1817
"C:/Users/d3mon/Documents/1IMPORTANT/University Work/Game Jams/Devtober_2024/GameSmithsDevtober24/Content/StarterContent/Textures/T_Water_N.ubulk" 1818
"C:/Users/d3mon/Documents/1IMPORTANT/University Work/Game Jams/Devtober_2024/GameSmithsDevtober24/Content/StarterContent/Textures/T_Water_N.uasset" 1819
"C:/Users/d3mon/Documents/1IMPORTANT/University Work/Game Jams/Devtober_2024/GameSmithsDevtober24/Content/StarterContent/Textures/T_Water_N.uexp" 1820
"C:/Users/d3mon/Documents/1IMPORTANT/University Work/Game Jams/Devtober_2024/GameSmithsDevtober24/Content/StarterContent/Materials/M_Water_Lake.uasset" 1821
"C:/Users/d3mon/Documents/1IMPORTANT/University Work/Game Jams/Devtober_2024/GameSmithsDevtober24/Content/StarterContent/Materials/M_Water_Lake.uexp" 1822
"C:/Users/d3mon/Documents/1IMPORTANT/University Work/Game Jams/Devtober_2024/GameSmithsDevtober24/Content/StarterContent/Architecture/Wall_400x200.ubulk" 1823
"C:/Users/d3mon/Documents/1IMPORTANT/University Work/Game Jams/Devtober_2024/GameSmithsDevtober24/Content/StarterContent/Architecture/Wall_400x200.uasset" 1824
"C:/Users/d3mon/Documents/1IMPORTANT/University Work/Game Jams/Devtober_2024/GameSmithsDevtober24/Content/StarterContent/Architecture/Wall_400x200.uexp" 1825
"C:/Users/d3mon/Documents/1IMPORTANT/University Work/Game Jams/Devtober_2024/GameSmithsDevtober24/Content/StarterContent/Textures/T_Checker_Noise_M.ubulk" 1826
"C:/Users/d3mon/Documents/1IMPORTANT/University Work/Game Jams/Devtober_2024/GameSmithsDevtober24/Content/StarterContent/Textures/T_Checker_Noise_M.uasset" 1827
"C:/Users/d3mon/Documents/1IMPORTANT/University Work/Game Jams/Devtober_2024/GameSmithsDevtober24/Content/StarterContent/Textures/T_Checker_Noise_M.uexp" 1828
"C:/Users/d3mon/Documents/1IMPORTANT/University Work/Game Jams/Devtober_2024/GameSmithsDevtober24/Content/StarterContent/Textures/T_Tech_Dot_M.ubulk" 1829
"C:/Users/d3mon/Documents/1IMPORTANT/University Work/Game Jams/Devtober_2024/GameSmithsDevtober24/Content/StarterContent/Textures/T_Tech_Dot_M.uasset" 1830
"C:/Users/d3mon/Documents/1IMPORTANT/University Work/Game Jams/Devtober_2024/GameSmithsDevtober24/Content/StarterContent/Textures/T_Tech_Dot_M.uexp" 1831
"C:/Users/d3mon/Documents/1IMPORTANT/University Work/Game Jams/Devtober_2024/GameSmithsDevtober24/Content/StarterContent/Textures/T_Tech_Dot_N.ubulk" 1832
"C:/Users/d3mon/Documents/1IMPORTANT/University Work/Game Jams/Devtober_2024/GameSmithsDevtober24/Content/StarterContent/Textures/T_Tech_Dot_N.uasset" 1833
"C:/Users/d3mon/Documents/1IMPORTANT/University Work/Game Jams/Devtober_2024/GameSmithsDevtober24/Content/StarterContent/Textures/T_Tech_Dot_N.uexp" 1834
"C:/Users/d3mon/Documents/1IMPORTANT/University Work/Game Jams/Devtober_2024/GameSmithsDevtober24/Content/StarterContent/Textures/T_Single_Tile_N.ubulk" 1835
"C:/Users/d3mon/Documents/1IMPORTANT/University Work/Game Jams/Devtober_2024/GameSmithsDevtober24/Content/StarterContent/Textures/T_Single_Tile_N.uasset" 1836
"C:/Users/d3mon/Documents/1IMPORTANT/University Work/Game Jams/Devtober_2024/GameSmithsDevtober24/Content/StarterContent/Textures/T_Single_Tile_N.uexp" 1837
"C:/Users/d3mon/Documents/1IMPORTANT/University Work/Game Jams/Devtober_2024/GameSmithsDevtober24/Content/StarterContent/Materials/M_Tech_Checker_Dot.uasset" 1838
"C:/Users/d3mon/Documents/1IMPORTANT/University Work/Game Jams/Devtober_2024/GameSmithsDevtober24/Content/StarterContent/Materials/M_Tech_Checker_Dot.uexp" 1839
"C:/Users/d3mon/Documents/1IMPORTANT/University Work/Game Jams/Devtober_2024/GameSmithsDevtober24/Content/StarterContent/Architecture/Floor_400x400.ubulk" 1840
"C:/Users/d3mon/Documents/1IMPORTANT/University Work/Game Jams/Devtober_2024/GameSmithsDevtober24/Content/StarterContent/Architecture/Floor_400x400.uasset" 1841
"C:/Users/d3mon/Documents/1IMPORTANT/University Work/Game Jams/Devtober_2024/GameSmithsDevtober24/Content/StarterContent/Architecture/Floor_400x400.uexp" 1842
"C:/Users/d3mon/Documents/1IMPORTANT/University Work/Game Jams/Devtober_2024/GameSmithsDevtober24/Content/StarterContent/Props/SM_GlassWindow.ubulk" 1843
"C:/Users/d3mon/Documents/1IMPORTANT/University Work/Game Jams/Devtober_2024/GameSmithsDevtober24/Content/StarterContent/Props/SM_GlassWindow.uasset" 1844
"C:/Users/d3mon/Documents/1IMPORTANT/University Work/Game Jams/Devtober_2024/GameSmithsDevtober24/Content/StarterContent/Props/SM_GlassWindow.uexp" 1845
"C:/Users/d3mon/Documents/1IMPORTANT/University Work/Game Jams/Devtober_2024/GameSmithsDevtober24/Content/StarterContent/Textures/T_Metal_Gold_N.ubulk" 1846
"C:/Users/d3mon/Documents/1IMPORTANT/University Work/Game Jams/Devtober_2024/GameSmithsDevtober24/Content/StarterContent/Textures/T_Metal_Gold_N.uasset" 1847
"C:/Users/d3mon/Documents/1IMPORTANT/University Work/Game Jams/Devtober_2024/GameSmithsDevtober24/Content/StarterContent/Textures/T_Metal_Gold_N.uexp" 1848
"C:/Users/d3mon/Documents/1IMPORTANT/University Work/Game Jams/Devtober_2024/GameSmithsDevtober24/Content/StarterContent/Materials/M_Rock_Marble_Polished.uasset" 1849
"C:/Users/d3mon/Documents/1IMPORTANT/University Work/Game Jams/Devtober_2024/GameSmithsDevtober24/Content/StarterContent/Materials/M_Rock_Marble_Polished.uexp" 1850
"C:/Users/d3mon/Documents/1IMPORTANT/University Work/Game Jams/Devtober_2024/GameSmithsDevtober24/Content/StarterContent/Textures/T_Concrete_Grime_D.ubulk" 1851
"C:/Users/d3mon/Documents/1IMPORTANT/University Work/Game Jams/Devtober_2024/GameSmithsDevtober24/Content/StarterContent/Textures/T_Concrete_Grime_D.uasset" 1852
"C:/Users/d3mon/Documents/1IMPORTANT/University Work/Game Jams/Devtober_2024/GameSmithsDevtober24/Content/StarterContent/Textures/T_Concrete_Grime_D.uexp" 1853
"C:/Users/d3mon/Documents/1IMPORTANT/University Work/Game Jams/Devtober_2024/GameSmithsDevtober24/Content/StarterContent/Materials/M_Concrete_Grime.uasset" 1854
"C:/Users/d3mon/Documents/1IMPORTANT/University Work/Game Jams/Devtober_2024/GameSmithsDevtober24/Content/StarterContent/Materials/M_Concrete_Grime.uexp" 1855
"C:/Users/d3mon/Documents/1IMPORTANT/University Work/Game Jams/Devtober_2024/GameSmithsDevtober24/Content/StarterContent/Textures/T_Rock_Sandstone_N.ubulk" 1856
"C:/Users/d3mon/Documents/1IMPORTANT/University Work/Game Jams/Devtober_2024/GameSmithsDevtober24/Content/StarterContent/Textures/T_Rock_Sandstone_N.uasset" 1857
"C:/Users/d3mon/Documents/1IMPORTANT/University Work/Game Jams/Devtober_2024/GameSmithsDevtober24/Content/StarterContent/Textures/T_Rock_Sandstone_N.uexp" 1858
"C:/Users/d3mon/Documents/1IMPORTANT/University Work/Game Jams/Devtober_2024/GameSmithsDevtober24/Content/StarterContent/Textures/T_Rock_Sandstone_D.ubulk" 1859
"C:/Users/d3mon/Documents/1IMPORTANT/University Work/Game Jams/Devtober_2024/GameSmithsDevtober24/Content/StarterContent/Textures/T_Rock_Sandstone_D.uasset" 1860
"C:/Users/d3mon/Documents/1IMPORTANT/University Work/Game Jams/Devtober_2024/GameSmithsDevtober24/Content/StarterContent/Textures/T_Rock_Sandstone_D.uexp" 1861
"C:/Users/d3mon/Documents/1IMPORTANT/University Work/Game Jams/Devtober_2024/GameSmithsDevtober24/Content/StarterContent/Materials/M_Rock_Sandstone.uasset" 1862
"C:/Users/d3mon/Documents/1IMPORTANT/University Work/Game Jams/Devtober_2024/GameSmithsDevtober24/Content/StarterContent/Materials/M_Rock_Sandstone.uexp" 1863
"C:/Users/d3mon/Documents/1IMPORTANT/University Work/Game Jams/Devtober_2024/GameSmithsDevtober24/Content/StarterContent/Textures/T_Wood_Walnut_N.ubulk" 1864
"C:/Users/d3mon/Documents/1IMPORTANT/University Work/Game Jams/Devtober_2024/GameSmithsDevtober24/Content/StarterContent/Textures/T_Wood_Walnut_N.uasset" 1865
"C:/Users/d3mon/Documents/1IMPORTANT/University Work/Game Jams/Devtober_2024/GameSmithsDevtober24/Content/StarterContent/Textures/T_Wood_Walnut_N.uexp" 1866
"C:/Users/d3mon/Documents/1IMPORTANT/University Work/Game Jams/Devtober_2024/GameSmithsDevtober24/Content/StarterContent/Textures/T_Wood_Walnut_D.ubulk" 1867
"C:/Users/d3mon/Documents/1IMPORTANT/University Work/Game Jams/Devtober_2024/GameSmithsDevtober24/Content/StarterContent/Textures/T_Wood_Walnut_D.uasset" 1868
"C:/Users/d3mon/Documents/1IMPORTANT/University Work/Game Jams/Devtober_2024/GameSmithsDevtober24/Content/StarterContent/Textures/T_Wood_Walnut_D.uexp" 1869
"C:/Users/d3mon/Documents/1IMPORTANT/University Work/Game Jams/Devtober_2024/GameSmithsDevtober24/Content/StarterContent/Materials/M_Wood_Walnut.uasset" 1870
"C:/Users/d3mon/Documents/1IMPORTANT/University Work/Game Jams/Devtober_2024/GameSmithsDevtober24/Content/StarterContent/Materials/M_Wood_Walnut.uexp" 1871
"C:/Users/d3mon/Documents/1IMPORTANT/University Work/Game Jams/Devtober_2024/GameSmithsDevtober24/Content/StarterContent/Audio/Collapse_Cue.uasset" 1872
"C:/Users/d3mon/Documents/1IMPORTANT/University Work/Game Jams/Devtober_2024/GameSmithsDevtober24/Content/StarterContent/Audio/Collapse_Cue.uexp" 1873
"C:/Users/d3mon/Documents/1IMPORTANT/University Work/Game Jams/Devtober_2024/GameSmithsDevtober24/Content/StarterContent/Textures/T_Brick_Cut_Stone_N.ubulk" 1874
"C:/Users/d3mon/Documents/1IMPORTANT/University Work/Game Jams/Devtober_2024/GameSmithsDevtober24/Content/StarterContent/Textures/T_Brick_Cut_Stone_N.uasset" 1875
"C:/Users/d3mon/Documents/1IMPORTANT/University Work/Game Jams/Devtober_2024/GameSmithsDevtober24/Content/StarterContent/Textures/T_Brick_Cut_Stone_N.uexp" 1876
"C:/Users/d3mon/Documents/1IMPORTANT/University Work/Game Jams/Devtober_2024/GameSmithsDevtober24/Content/StarterContent/Textures/T_Brick_Cut_Stone_D.ubulk" 1877
"C:/Users/d3mon/Documents/1IMPORTANT/University Work/Game Jams/Devtober_2024/GameSmithsDevtober24/Content/StarterContent/Textures/T_Brick_Cut_Stone_D.uasset" 1878
"C:/Users/d3mon/Documents/1IMPORTANT/University Work/Game Jams/Devtober_2024/GameSmithsDevtober24/Content/StarterContent/Textures/T_Brick_Cut_Stone_D.uexp" 1879
"C:/Users/d3mon/Documents/1IMPORTANT/University Work/Game Jams/Devtober_2024/GameSmithsDevtober24/Content/StarterContent/Materials/M_Brick_Cut_Stone.uasset" 1880
"C:/Users/d3mon/Documents/1IMPORTANT/University Work/Game Jams/Devtober_2024/GameSmithsDevtober24/Content/StarterContent/Materials/M_Brick_Cut_Stone.uexp" 1881
"C:/Users/d3mon/Documents/1IMPORTANT/University Work/Game Jams/Devtober_2024/GameSmithsDevtober24/Content/StarterContent/Textures/T_Dust_Particle_D.ubulk" 1882
"C:/Users/d3mon/Documents/1IMPORTANT/University Work/Game Jams/Devtober_2024/GameSmithsDevtober24/Content/StarterContent/Textures/T_Dust_Particle_D.uasset" 1883
"C:/Users/d3mon/Documents/1IMPORTANT/University Work/Game Jams/Devtober_2024/GameSmithsDevtober24/Content/StarterContent/Textures/T_Dust_Particle_D.uexp" 1884
"C:/Users/d3mon/Documents/1IMPORTANT/University Work/Game Jams/Devtober_2024/GameSmithsDevtober24/Content/StarterContent/Particles/Materials/M_Dust_Particle.uasset" 1885
"C:/Users/d3mon/Documents/1IMPORTANT/University Work/Game Jams/Devtober_2024/GameSmithsDevtober24/Content/StarterContent/Particles/Materials/M_Dust_Particle.uexp" 1886
"C:/Users/d3mon/Documents/1IMPORTANT/University Work/Game Jams/Devtober_2024/GameSmithsDevtober24/Content/StarterContent/Particles/P_Ambient_Dust.uasset" 1887
"C:/Users/d3mon/Documents/1IMPORTANT/University Work/Game Jams/Devtober_2024/GameSmithsDevtober24/Content/StarterContent/Particles/P_Ambient_Dust.uexp" 1888
"C:/Users/d3mon/Documents/1IMPORTANT/University Work/Game Jams/Devtober_2024/GameSmithsDevtober24/Content/StarterContent/Props/SM_WindowFrame.ubulk" 1889
"C:/Users/d3mon/Documents/1IMPORTANT/University Work/Game Jams/Devtober_2024/GameSmithsDevtober24/Content/StarterContent/Props/SM_WindowFrame.uasset" 1890
"C:/Users/d3mon/Documents/1IMPORTANT/University Work/Game Jams/Devtober_2024/GameSmithsDevtober24/Content/StarterContent/Props/SM_WindowFrame.uexp" 1891
"C:/Users/d3mon/Documents/1IMPORTANT/University Work/Game Jams/Devtober_2024/GameSmithsDevtober24/Content/StarterContent/Textures/T_Metal_Copper_D.ubulk" 1892
"C:/Users/d3mon/Documents/1IMPORTANT/University Work/Game Jams/Devtober_2024/GameSmithsDevtober24/Content/StarterContent/Textures/T_Metal_Copper_D.uasset" 1893
"C:/Users/d3mon/Documents/1IMPORTANT/University Work/Game Jams/Devtober_2024/GameSmithsDevtober24/Content/StarterContent/Textures/T_Metal_Copper_D.uexp" 1894
"C:/Users/d3mon/Documents/1IMPORTANT/University Work/Game Jams/Devtober_2024/GameSmithsDevtober24/Content/StarterContent/Materials/M_Metal_Copper.uasset" 1895
"C:/Users/d3mon/Documents/1IMPORTANT/University Work/Game Jams/Devtober_2024/GameSmithsDevtober24/Content/StarterContent/Materials/M_Metal_Copper.uexp" 1896
"C:/Users/d3mon/Documents/1IMPORTANT/University Work/Game Jams/Devtober_2024/GameSmithsDevtober24/Content/StarterContent/Textures/T_Water_M.ubulk" 1897
"C:/Users/d3mon/Documents/1IMPORTANT/University Work/Game Jams/Devtober_2024/GameSmithsDevtober24/Content/StarterContent/Textures/T_Water_M.uasset" 1898
"C:/Users/d3mon/Documents/1IMPORTANT/University Work/Game Jams/Devtober_2024/GameSmithsDevtober24/Content/StarterContent/Textures/T_Water_M.uexp" 1899
"C:/Users/d3mon/Documents/1IMPORTANT/University Work/Game Jams/Devtober_2024/GameSmithsDevtober24/Content/StarterContent/Materials/M_Water_Ocean.uasset" 1900
"C:/Users/d3mon/Documents/1IMPORTANT/University Work/Game Jams/Devtober_2024/GameSmithsDevtober24/Content/StarterContent/Materials/M_Water_Ocean.uexp" 1901
"C:/Users/d3mon/Documents/1IMPORTANT/University Work/Game Jams/Devtober_2024/GameSmithsDevtober24/Content/StarterContent/Textures/T_CobbleStone_Pebble_N.ubulk" 1902
"C:/Users/d3mon/Documents/1IMPORTANT/University Work/Game Jams/Devtober_2024/GameSmithsDevtober24/Content/StarterContent/Textures/T_CobbleStone_Pebble_N.uasset" 1903
"C:/Users/d3mon/Documents/1IMPORTANT/University Work/Game Jams/Devtober_2024/GameSmithsDevtober24/Content/StarterContent/Textures/T_CobbleStone_Pebble_N.uexp" 1904
"C:/Users/d3mon/Documents/1IMPORTANT/University Work/Game Jams/Devtober_2024/GameSmithsDevtober24/Content/StarterContent/Textures/T_CobbleStone_Pebble_M.ubulk" 1905
"C:/Users/d3mon/Documents/1IMPORTANT/University Work/Game Jams/Devtober_2024/GameSmithsDevtober24/Content/StarterContent/Textures/T_CobbleStone_Pebble_M.uasset" 1906
"C:/Users/d3mon/Documents/1IMPORTANT/University Work/Game Jams/Devtober_2024/GameSmithsDevtober24/Content/StarterContent/Textures/T_CobbleStone_Pebble_M.uexp" 1907
"C:/Users/d3mon/Documents/1IMPORTANT/University Work/Game Jams/Devtober_2024/GameSmithsDevtober24/Content/StarterContent/Textures/T_CobbleStone_Pebble_D.ubulk" 1908
"C:/Users/d3mon/Documents/1IMPORTANT/University Work/Game Jams/Devtober_2024/GameSmithsDevtober24/Content/StarterContent/Textures/T_CobbleStone_Pebble_D.uasset" 1909
"C:/Users/d3mon/Documents/1IMPORTANT/University Work/Game Jams/Devtober_2024/GameSmithsDevtober24/Content/StarterContent/Textures/T_CobbleStone_Pebble_D.uexp" 1910
"C:/Users/d3mon/Documents/1IMPORTANT/University Work/Game Jams/Devtober_2024/GameSmithsDevtober24/Content/StarterContent/Materials/M_CobbleStone_Pebble.uasset" 1911
"C:/Users/d3mon/Documents/1IMPORTANT/University Work/Game Jams/Devtober_2024/GameSmithsDevtober24/Content/StarterContent/Materials/M_CobbleStone_Pebble.uexp" 1912
"C:/Users/d3mon/Documents/1IMPORTANT/University Work/Game Jams/Devtober_2024/GameSmithsDevtober24/Content/StarterContent/Textures/T_Brick_Clay_Old_N.ubulk" 1913
"C:/Users/d3mon/Documents/1IMPORTANT/University Work/Game Jams/Devtober_2024/GameSmithsDevtober24/Content/StarterContent/Textures/T_Brick_Clay_Old_N.uasset" 1914
"C:/Users/d3mon/Documents/1IMPORTANT/University Work/Game Jams/Devtober_2024/GameSmithsDevtober24/Content/StarterContent/Textures/T_Brick_Clay_Old_N.uexp" 1915
"C:/Users/d3mon/Documents/1IMPORTANT/University Work/Game Jams/Devtober_2024/GameSmithsDevtober24/Content/StarterContent/Textures/T_Brick_Clay_Old_D.ubulk" 1916
"C:/Users/d3mon/Documents/1IMPORTANT/University Work/Game Jams/Devtober_2024/GameSmithsDevtober24/Content/StarterContent/Textures/T_Brick_Clay_Old_D.uasset" 1917
"C:/Users/d3mon/Documents/1IMPORTANT/University Work/Game Jams/Devtober_2024/GameSmithsDevtober24/Content/StarterContent/Textures/T_Brick_Clay_Old_D.uexp" 1918
"C:/Users/d3mon/Documents/1IMPORTANT/University Work/Game Jams/Devtober_2024/GameSmithsDevtober24/Content/StarterContent/Materials/M_Brick_Clay_Old.uasset" 1919
"C:/Users/d3mon/Documents/1IMPORTANT/University Work/Game Jams/Devtober_2024/GameSmithsDevtober24/Content/StarterContent/Materials/M_Brick_Clay_Old.uexp" 1920
"C:/Users/d3mon/Documents/1IMPORTANT/University Work/Game Jams/Devtober_2024/GameSmithsDevtober24/Content/StarterContent/Textures/T_Metal_Steel_D.ubulk" 1921
"C:/Users/d3mon/Documents/1IMPORTANT/University Work/Game Jams/Devtober_2024/GameSmithsDevtober24/Content/StarterContent/Textures/T_Metal_Steel_D.uasset" 1922
"C:/Users/d3mon/Documents/1IMPORTANT/University Work/Game Jams/Devtober_2024/GameSmithsDevtober24/Content/StarterContent/Textures/T_Metal_Steel_D.uexp" 1923
"C:/Users/d3mon/Documents/1IMPORTANT/University Work/Game Jams/Devtober_2024/GameSmithsDevtober24/Content/StarterContent/Textures/T_Metal_Steel_N.ubulk" 1924
"C:/Users/d3mon/Documents/1IMPORTANT/University Work/Game Jams/Devtober_2024/GameSmithsDevtober24/Content/StarterContent/Textures/T_Metal_Steel_N.uasset" 1925
"C:/Users/d3mon/Documents/1IMPORTANT/University Work/Game Jams/Devtober_2024/GameSmithsDevtober24/Content/StarterContent/Textures/T_Metal_Steel_N.uexp" 1926
"C:/Users/d3mon/Documents/1IMPORTANT/University Work/Game Jams/Devtober_2024/GameSmithsDevtober24/Content/StarterContent/Materials/M_Metal_Steel.uasset" 1927
"C:/Users/d3mon/Documents/1IMPORTANT/University Work/Game Jams/Devtober_2024/GameSmithsDevtober24/Content/StarterContent/Materials/M_Metal_Steel.uexp" 1928
"C:/Users/d3mon/Documents/1IMPORTANT/University Work/Game Jams/Devtober_2024/GameSmithsDevtober24/Content/StarterContent/Materials/M_Wood_Floor_Walnut_Polished.uasset" 1929
"C:/Users/d3mon/Documents/1IMPORTANT/University Work/Game Jams/Devtober_2024/GameSmithsDevtober24/Content/StarterContent/Materials/M_Wood_Floor_Walnut_Polished.uexp" 1930
"C:/Users/d3mon/Documents/1IMPORTANT/University Work/Game Jams/Devtober_2024/GameSmithsDevtober24/Content/StarterContent/Props/SM_Lamp_Wall.ubulk" 1931
"C:/Users/d3mon/Documents/1IMPORTANT/University Work/Game Jams/Devtober_2024/GameSmithsDevtober24/Content/StarterContent/Props/SM_Lamp_Wall.uasset" 1932
"C:/Users/d3mon/Documents/1IMPORTANT/University Work/Game Jams/Devtober_2024/GameSmithsDevtober24/Content/StarterContent/Props/SM_Lamp_Wall.uexp" 1933
"C:/Users/d3mon/Documents/1IMPORTANT/University Work/Game Jams/Devtober_2024/GameSmithsDevtober24/Content/StarterContent/Blueprints/Blueprint_WallSconce.uasset" 1934
"C:/Users/d3mon/Documents/1IMPORTANT/University Work/Game Jams/Devtober_2024/GameSmithsDevtober24/Content/StarterContent/Blueprints/Blueprint_WallSconce.uexp" 1935
"C:/Users/d3mon/Documents/1IMPORTANT/University Work/Game Jams/Devtober_2024/GameSmithsDevtober24/Content/StarterContent/Textures/T_Tech_Panel_N.ubulk" 1936
"C:/Users/d3mon/Documents/1IMPORTANT/University Work/Game Jams/Devtober_2024/GameSmithsDevtober24/Content/StarterContent/Textures/T_Tech_Panel_N.uasset" 1937
"C:/Users/d3mon/Documents/1IMPORTANT/University Work/Game Jams/Devtober_2024/GameSmithsDevtober24/Content/StarterContent/Textures/T_Tech_Panel_N.uexp" 1938
"C:/Users/d3mon/Documents/1IMPORTANT/University Work/Game Jams/Devtober_2024/GameSmithsDevtober24/Content/StarterContent/Textures/T_Tech_Panel_M.ubulk" 1939
"C:/Users/d3mon/Documents/1IMPORTANT/University Work/Game Jams/Devtober_2024/GameSmithsDevtober24/Content/StarterContent/Textures/T_Tech_Panel_M.uasset" 1940
"C:/Users/d3mon/Documents/1IMPORTANT/University Work/Game Jams/Devtober_2024/GameSmithsDevtober24/Content/StarterContent/Textures/T_Tech_Panel_M.uexp" 1941
"C:/Users/d3mon/Documents/1IMPORTANT/University Work/Game Jams/Devtober_2024/GameSmithsDevtober24/Content/StarterContent/Materials/M_Tech_Panel.uasset" 1942
"C:/Users/d3mon/Documents/1IMPORTANT/University Work/Game Jams/Devtober_2024/GameSmithsDevtober24/Content/StarterContent/Materials/M_Tech_Panel.uexp" 1943
"C:/Users/d3mon/Documents/1IMPORTANT/University Work/Game Jams/Devtober_2024/GameSmithsDevtober24/Content/StarterContent/Materials/M_Tech_Hex_Tile_Pulse.uasset" 1944
"C:/Users/d3mon/Documents/1IMPORTANT/University Work/Game Jams/Devtober_2024/GameSmithsDevtober24/Content/StarterContent/Materials/M_Tech_Hex_Tile_Pulse.uexp" 1945
"C:/Users/d3mon/Documents/1IMPORTANT/University Work/Game Jams/Devtober_2024/GameSmithsDevtober24/Content/StarterContent/Props/SM_PillarFrame.ubulk" 1946
"C:/Users/d3mon/Documents/1IMPORTANT/University Work/Game Jams/Devtober_2024/GameSmithsDevtober24/Content/StarterContent/Props/SM_PillarFrame.uasset" 1947
"C:/Users/d3mon/Documents/1IMPORTANT/University Work/Game Jams/Devtober_2024/GameSmithsDevtober24/Content/StarterContent/Props/SM_PillarFrame.uexp" 1948
"C:/Users/d3mon/Documents/1IMPORTANT/University Work/Game Jams/Devtober_2024/GameSmithsDevtober24/Content/StarterContent/Textures/T_TableRound_N.ubulk" 1949
"C:/Users/d3mon/Documents/1IMPORTANT/University Work/Game Jams/Devtober_2024/GameSmithsDevtober24/Content/StarterContent/Textures/T_TableRound_N.uasset" 1950
"C:/Users/d3mon/Documents/1IMPORTANT/University Work/Game Jams/Devtober_2024/GameSmithsDevtober24/Content/StarterContent/Textures/T_TableRound_N.uexp" 1951
"C:/Users/d3mon/Documents/1IMPORTANT/University Work/Game Jams/Devtober_2024/GameSmithsDevtober24/Content/StarterContent/Textures/T_TableRound_M.ubulk" 1952
"C:/Users/d3mon/Documents/1IMPORTANT/University Work/Game Jams/Devtober_2024/GameSmithsDevtober24/Content/StarterContent/Textures/T_TableRound_M.uasset" 1953
"C:/Users/d3mon/Documents/1IMPORTANT/University Work/Game Jams/Devtober_2024/GameSmithsDevtober24/Content/StarterContent/Textures/T_TableRound_M.uexp" 1954
"C:/Users/d3mon/Documents/1IMPORTANT/University Work/Game Jams/Devtober_2024/GameSmithsDevtober24/Content/StarterContent/Props/Materials/M_TableRound.uasset" 1955
"C:/Users/d3mon/Documents/1IMPORTANT/University Work/Game Jams/Devtober_2024/GameSmithsDevtober24/Content/StarterContent/Props/Materials/M_TableRound.uexp" 1956
"C:/Users/d3mon/Documents/1IMPORTANT/University Work/Game Jams/Devtober_2024/GameSmithsDevtober24/Content/StarterContent/Props/SM_TableRound.ubulk" 1957
"C:/Users/d3mon/Documents/1IMPORTANT/University Work/Game Jams/Devtober_2024/GameSmithsDevtober24/Content/StarterContent/Props/SM_TableRound.uasset" 1958
"C:/Users/d3mon/Documents/1IMPORTANT/University Work/Game Jams/Devtober_2024/GameSmithsDevtober24/Content/StarterContent/Props/SM_TableRound.uexp" 1959
"C:/Users/d3mon/Documents/1IMPORTANT/University Work/Game Jams/Devtober_2024/GameSmithsDevtober24/Content/StarterContent/Textures/T_Fire_Tiled_D.ubulk" 1960
"C:/Users/d3mon/Documents/1IMPORTANT/University Work/Game Jams/Devtober_2024/GameSmithsDevtober24/Content/StarterContent/Textures/T_Fire_Tiled_D.uasset" 1961
"C:/Users/d3mon/Documents/1IMPORTANT/University Work/Game Jams/Devtober_2024/GameSmithsDevtober24/Content/StarterContent/Textures/T_Fire_Tiled_D.uexp" 1962
"C:/Users/d3mon/Documents/1IMPORTANT/University Work/Game Jams/Devtober_2024/GameSmithsDevtober24/Content/StarterContent/Textures/T_Fire_SubUV.ubulk" 1963
"C:/Users/d3mon/Documents/1IMPORTANT/University Work/Game Jams/Devtober_2024/GameSmithsDevtober24/Content/StarterContent/Textures/T_Fire_SubUV.uasset" 1964
"C:/Users/d3mon/Documents/1IMPORTANT/University Work/Game Jams/Devtober_2024/GameSmithsDevtober24/Content/StarterContent/Textures/T_Fire_SubUV.uexp" 1965
"C:/Users/d3mon/Documents/1IMPORTANT/University Work/Game Jams/Devtober_2024/GameSmithsDevtober24/Content/StarterContent/Particles/Materials/M_Fire_SubUV.uasset" 1966
"C:/Users/d3mon/Documents/1IMPORTANT/University Work/Game Jams/Devtober_2024/GameSmithsDevtober24/Content/StarterContent/Particles/Materials/M_Fire_SubUV.uexp" 1967
"C:/Users/d3mon/Documents/1IMPORTANT/University Work/Game Jams/Devtober_2024/GameSmithsDevtober24/Content/StarterContent/Particles/Materials/M_Heat_Distortion.uasset" 1968
"C:/Users/d3mon/Documents/1IMPORTANT/University Work/Game Jams/Devtober_2024/GameSmithsDevtober24/Content/StarterContent/Particles/Materials/M_Heat_Distortion.uexp" 1969
"C:/Users/d3mon/Documents/1IMPORTANT/University Work/Game Jams/Devtober_2024/GameSmithsDevtober24/Content/StarterContent/Particles/P_Fire.uasset" 1970
"C:/Users/d3mon/Documents/1IMPORTANT/University Work/Game Jams/Devtober_2024/GameSmithsDevtober24/Content/StarterContent/Particles/P_Fire.uexp" 1971
"C:/Users/d3mon/Documents/1IMPORTANT/University Work/Game Jams/Devtober_2024/GameSmithsDevtober24/Content/StarterContent/Audio/Fire01_Cue.uasset" 1972
"C:/Users/d3mon/Documents/1IMPORTANT/University Work/Game Jams/Devtober_2024/GameSmithsDevtober24/Content/StarterContent/Audio/Fire01_Cue.uexp" 1973
"C:/Users/d3mon/Documents/1IMPORTANT/University Work/Game Jams/Devtober_2024/GameSmithsDevtober24/Content/StarterContent/Blueprints/Blueprint_Effect_Fire.uasset" 1974
"C:/Users/d3mon/Documents/1IMPORTANT/University Work/Game Jams/Devtober_2024/GameSmithsDevtober24/Content/StarterContent/Blueprints/Blueprint_Effect_Fire.uexp" 1975
"C:/Users/d3mon/Documents/1IMPORTANT/University Work/Game Jams/Devtober_2024/GameSmithsDevtober24/Content/StarterContent/Textures/T_Wood_Oak_N.ubulk" 1976
"C:/Users/d3mon/Documents/1IMPORTANT/University Work/Game Jams/Devtober_2024/GameSmithsDevtober24/Content/StarterContent/Textures/T_Wood_Oak_N.uasset" 1977
"C:/Users/d3mon/Documents/1IMPORTANT/University Work/Game Jams/Devtober_2024/GameSmithsDevtober24/Content/StarterContent/Textures/T_Wood_Oak_N.uexp" 1978
"C:/Users/d3mon/Documents/1IMPORTANT/University Work/Game Jams/Devtober_2024/GameSmithsDevtober24/Content/StarterContent/Textures/T_Wood_Oak_D.ubulk" 1979
"C:/Users/d3mon/Documents/1IMPORTANT/University Work/Game Jams/Devtober_2024/GameSmithsDevtober24/Content/StarterContent/Textures/T_Wood_Oak_D.uasset" 1980
"C:/Users/d3mon/Documents/1IMPORTANT/University Work/Game Jams/Devtober_2024/GameSmithsDevtober24/Content/StarterContent/Textures/T_Wood_Oak_D.uexp" 1981
"C:/Users/d3mon/Documents/1IMPORTANT/University Work/Game Jams/Devtober_2024/GameSmithsDevtober24/Content/StarterContent/Materials/M_Wood_Oak.uasset" 1982
"C:/Users/d3mon/Documents/1IMPORTANT/University Work/Game Jams/Devtober_2024/GameSmithsDevtober24/Content/StarterContent/Materials/M_Wood_Oak.uexp" 1983
"C:/Users/d3mon/Documents/1IMPORTANT/University Work/Game Jams/Devtober_2024/GameSmithsDevtober24/Content/StarterContent/Architecture/Wall_Window_400x300.ubulk" 1984
"C:/Users/d3mon/Documents/1IMPORTANT/University Work/Game Jams/Devtober_2024/GameSmithsDevtober24/Content/StarterContent/Architecture/Wall_Window_400x300.uasset" 1985
"C:/Users/d3mon/Documents/1IMPORTANT/University Work/Game Jams/Devtober_2024/GameSmithsDevtober24/Content/StarterContent/Architecture/Wall_Window_400x300.uexp" 1986
"C:/Users/d3mon/Documents/1IMPORTANT/University Work/Game Jams/Devtober_2024/GameSmithsDevtober24/Content/StarterContent/Textures/T_Brick_Hewn_Stone_N.ubulk" 1987
"C:/Users/d3mon/Documents/1IMPORTANT/University Work/Game Jams/Devtober_2024/GameSmithsDevtober24/Content/StarterContent/Textures/T_Brick_Hewn_Stone_N.uasset" 1988
"C:/Users/d3mon/Documents/1IMPORTANT/University Work/Game Jams/Devtober_2024/GameSmithsDevtober24/Content/StarterContent/Textures/T_Brick_Hewn_Stone_N.uexp" 1989
"C:/Users/d3mon/Documents/1IMPORTANT/University Work/Game Jams/Devtober_2024/GameSmithsDevtober24/Content/StarterContent/Textures/T_Brick_Hewn_Stone_D.ubulk" 1990
"C:/Users/d3mon/Documents/1IMPORTANT/University Work/Game Jams/Devtober_2024/GameSmithsDevtober24/Content/StarterContent/Textures/T_Brick_Hewn_Stone_D.uasset" 1991
"C:/Users/d3mon/Documents/1IMPORTANT/University Work/Game Jams/Devtober_2024/GameSmithsDevtober24/Content/StarterContent/Textures/T_Brick_Hewn_Stone_D.uexp" 1992
"C:/Users/d3mon/Documents/1IMPORTANT/University Work/Game Jams/Devtober_2024/GameSmithsDevtober24/Content/StarterContent/Textures/T_Brick_Hewn_Stone_M.ubulk" 1993
"C:/Users/d3mon/Documents/1IMPORTANT/University Work/Game Jams/Devtober_2024/GameSmithsDevtober24/Content/StarterContent/Textures/T_Brick_Hewn_Stone_M.uasset" 1994
"C:/Users/d3mon/Documents/1IMPORTANT/University Work/Game Jams/Devtober_2024/GameSmithsDevtober24/Content/StarterContent/Textures/T_Brick_Hewn_Stone_M.uexp" 1995
"C:/Users/d3mon/Documents/1IMPORTANT/University Work/Game Jams/Devtober_2024/GameSmithsDevtober24/Content/StarterContent/Materials/M_Brick_Hewn_Stone.uasset" 1996
"C:/Users/d3mon/Documents/1IMPORTANT/University Work/Game Jams/Devtober_2024/GameSmithsDevtober24/Content/StarterContent/Materials/M_Brick_Hewn_Stone.uexp" 1997
"C:/Users/d3mon/Documents/1IMPORTANT/University Work/Game Jams/Devtober_2024/GameSmithsDevtober24/Content/StarterContent/Audio/Smoke01_Cue.uasset" 1998
"C:/Users/d3mon/Documents/1IMPORTANT/University Work/Game Jams/Devtober_2024/GameSmithsDevtober24/Content/StarterContent/Audio/Smoke01_Cue.uexp" 1999
"C:/Users/d3mon/Documents/1IMPORTANT/University Work/Game Jams/Devtober_2024/GameSmithsDevtober24/Content/StarterContent/Particles/P_Smoke.uasset" 2000
"C:/Users/d3mon/Documents/1IMPORTANT/University Work/Game Jams/Devtober_2024/GameSmithsDevtober24/Content/StarterContent/Particles/P_Smoke.uexp" 2001
"C:/Users/d3mon/Documents/1IMPORTANT/University Work/Game Jams/Devtober_2024/GameSmithsDevtober24/Content/StarterContent/Blueprints/Blueprint_Effect_Smoke.uasset" 2002
"C:/Users/d3mon/Documents/1IMPORTANT/University Work/Game Jams/Devtober_2024/GameSmithsDevtober24/Content/StarterContent/Blueprints/Blueprint_Effect_Smoke.uexp" 2003
"C:/Users/d3mon/Documents/1IMPORTANT/University Work/Game Jams/Devtober_2024/GameSmithsDevtober24/Content/StarterContent/Textures/T_CobbleStone_Rough_N.ubulk" 2004
"C:/Users/d3mon/Documents/1IMPORTANT/University Work/Game Jams/Devtober_2024/GameSmithsDevtober24/Content/StarterContent/Textures/T_CobbleStone_Rough_N.uasset" 2005
"C:/Users/d3mon/Documents/1IMPORTANT/University Work/Game Jams/Devtober_2024/GameSmithsDevtober24/Content/StarterContent/Textures/T_CobbleStone_Rough_N.uexp" 2006
"C:/Users/d3mon/Documents/1IMPORTANT/University Work/Game Jams/Devtober_2024/GameSmithsDevtober24/Content/StarterContent/Textures/T_CobbleStone_Rough_D.ubulk" 2007
"C:/Users/d3mon/Documents/1IMPORTANT/University Work/Game Jams/Devtober_2024/GameSmithsDevtober24/Content/StarterContent/Textures/T_CobbleStone_Rough_D.uasset" 2008
"C:/Users/d3mon/Documents/1IMPORTANT/University Work/Game Jams/Devtober_2024/GameSmithsDevtober24/Content/StarterContent/Textures/T_CobbleStone_Rough_D.uexp" 2009
"C:/Users/d3mon/Documents/1IMPORTANT/University Work/Game Jams/Devtober_2024/GameSmithsDevtober24/Content/StarterContent/Materials/M_CobbleStone_Rough.uasset" 2010
"C:/Users/d3mon/Documents/1IMPORTANT/University Work/Game Jams/Devtober_2024/GameSmithsDevtober24/Content/StarterContent/Materials/M_CobbleStone_Rough.uexp" 2011
"C:/Users/d3mon/Documents/1IMPORTANT/University Work/Game Jams/Devtober_2024/GameSmithsDevtober24/Content/StarterContent/Textures/T_Statue_M.ubulk" 2012
"C:/Users/d3mon/Documents/1IMPORTANT/University Work/Game Jams/Devtober_2024/GameSmithsDevtober24/Content/StarterContent/Textures/T_Statue_M.uasset" 2013
"C:/Users/d3mon/Documents/1IMPORTANT/University Work/Game Jams/Devtober_2024/GameSmithsDevtober24/Content/StarterContent/Textures/T_Statue_M.uexp" 2014
"C:/Users/d3mon/Documents/1IMPORTANT/University Work/Game Jams/Devtober_2024/GameSmithsDevtober24/Content/StarterContent/Textures/T_Statue_N.ubulk" 2015
"C:/Users/d3mon/Documents/1IMPORTANT/University Work/Game Jams/Devtober_2024/GameSmithsDevtober24/Content/StarterContent/Textures/T_Statue_N.uasset" 2016
"C:/Users/d3mon/Documents/1IMPORTANT/University Work/Game Jams/Devtober_2024/GameSmithsDevtober24/Content/StarterContent/Textures/T_Statue_N.uexp" 2017
"C:/Users/d3mon/Documents/1IMPORTANT/University Work/Game Jams/Devtober_2024/GameSmithsDevtober24/Content/StarterContent/Props/Materials/M_Statue.uasset" 2018
"C:/Users/d3mon/Documents/1IMPORTANT/University Work/Game Jams/Devtober_2024/GameSmithsDevtober24/Content/StarterContent/Props/Materials/M_Statue.uexp" 2019
"C:/Users/d3mon/Documents/1IMPORTANT/University Work/Game Jams/Devtober_2024/GameSmithsDevtober24/Content/StarterContent/Props/Materials/M_StatueGlass.uasset" 2020
"C:/Users/d3mon/Documents/1IMPORTANT/University Work/Game Jams/Devtober_2024/GameSmithsDevtober24/Content/StarterContent/Props/Materials/M_StatueGlass.uexp" 2021
"C:/Users/d3mon/Documents/1IMPORTANT/University Work/Game Jams/Devtober_2024/GameSmithsDevtober24/Content/StarterContent/Props/SM_Statue.ubulk" 2022
"C:/Users/d3mon/Documents/1IMPORTANT/University Work/Game Jams/Devtober_2024/GameSmithsDevtober24/Content/StarterContent/Props/SM_Statue.uasset" 2023
"C:/Users/d3mon/Documents/1IMPORTANT/University Work/Game Jams/Devtober_2024/GameSmithsDevtober24/Content/StarterContent/Props/SM_Statue.uexp" 2024
"C:/Users/d3mon/Documents/1IMPORTANT/University Work/Game Jams/Devtober_2024/GameSmithsDevtober24/Content/StarterContent/Textures/T_ground_Moss_D.ubulk" 2025
"C:/Users/d3mon/Documents/1IMPORTANT/University Work/Game Jams/Devtober_2024/GameSmithsDevtober24/Content/StarterContent/Textures/T_ground_Moss_D.uasset" 2026
"C:/Users/d3mon/Documents/1IMPORTANT/University Work/Game Jams/Devtober_2024/GameSmithsDevtober24/Content/StarterContent/Textures/T_ground_Moss_D.uexp" 2027
"C:/Users/d3mon/Documents/1IMPORTANT/University Work/Game Jams/Devtober_2024/GameSmithsDevtober24/Content/StarterContent/Textures/T_Ground_Moss_N.ubulk" 2028
"C:/Users/d3mon/Documents/1IMPORTANT/University Work/Game Jams/Devtober_2024/GameSmithsDevtober24/Content/StarterContent/Textures/T_Ground_Moss_N.uasset" 2029
"C:/Users/d3mon/Documents/1IMPORTANT/University Work/Game Jams/Devtober_2024/GameSmithsDevtober24/Content/StarterContent/Textures/T_Ground_Moss_N.uexp" 2030
"C:/Users/d3mon/Documents/1IMPORTANT/University Work/Game Jams/Devtober_2024/GameSmithsDevtober24/Content/StarterContent/Materials/M_Ground_Moss.uasset" 2031
"C:/Users/d3mon/Documents/1IMPORTANT/University Work/Game Jams/Devtober_2024/GameSmithsDevtober24/Content/StarterContent/Materials/M_Ground_Moss.uexp" 2032
"C:/Users/d3mon/Documents/1IMPORTANT/University Work/Game Jams/Devtober_2024/GameSmithsDevtober24/Content/StarterContent/Props/SM_PillarFrame300.ubulk" 2033
"C:/Users/d3mon/Documents/1IMPORTANT/University Work/Game Jams/Devtober_2024/GameSmithsDevtober24/Content/StarterContent/Props/SM_PillarFrame300.uasset" 2034
"C:/Users/d3mon/Documents/1IMPORTANT/University Work/Game Jams/Devtober_2024/GameSmithsDevtober24/Content/StarterContent/Props/SM_PillarFrame300.uexp" 2035
"C:/Users/d3mon/Documents/1IMPORTANT/University Work/Game Jams/Devtober_2024/GameSmithsDevtober24/Content/StarterContent/Materials/M_Metal_Chrome.uasset" 2036
"C:/Users/d3mon/Documents/1IMPORTANT/University Work/Game Jams/Devtober_2024/GameSmithsDevtober24/Content/StarterContent/Materials/M_Metal_Chrome.uexp" 2037
"C:/Users/d3mon/Documents/1IMPORTANT/University Work/Game Jams/Devtober_2024/GameSmithsDevtober24/Content/StarterContent/Textures/T_Metal_Gold_D.ubulk" 2038
"C:/Users/d3mon/Documents/1IMPORTANT/University Work/Game Jams/Devtober_2024/GameSmithsDevtober24/Content/StarterContent/Textures/T_Metal_Gold_D.uasset" 2039
"C:/Users/d3mon/Documents/1IMPORTANT/University Work/Game Jams/Devtober_2024/GameSmithsDevtober24/Content/StarterContent/Textures/T_Metal_Gold_D.uexp" 2040
"C:/Users/d3mon/Documents/1IMPORTANT/University Work/Game Jams/Devtober_2024/GameSmithsDevtober24/Content/StarterContent/Materials/M_Metal_Gold.uasset" 2041
"C:/Users/d3mon/Documents/1IMPORTANT/University Work/Game Jams/Devtober_2024/GameSmithsDevtober24/Content/StarterContent/Materials/M_Metal_Gold.uexp" 2042
"C:/Users/d3mon/Documents/1IMPORTANT/University Work/Game Jams/Devtober_2024/GameSmithsDevtober24/Content/StarterContent/Textures/T_Ground_Grass_D.ubulk" 2043
"C:/Users/d3mon/Documents/1IMPORTANT/University Work/Game Jams/Devtober_2024/GameSmithsDevtober24/Content/StarterContent/Textures/T_Ground_Grass_D.uasset" 2044
"C:/Users/d3mon/Documents/1IMPORTANT/University Work/Game Jams/Devtober_2024/GameSmithsDevtober24/Content/StarterContent/Textures/T_Ground_Grass_D.uexp" 2045
"C:/Users/d3mon/Documents/1IMPORTANT/University Work/Game Jams/Devtober_2024/GameSmithsDevtober24/Content/StarterContent/Textures/T_Ground_Grass_N.ubulk" 2046
"C:/Users/d3mon/Documents/1IMPORTANT/University Work/Game Jams/Devtober_2024/GameSmithsDevtober24/Content/StarterContent/Textures/T_Ground_Grass_N.uasset" 2047
"C:/Users/d3mon/Documents/1IMPORTANT/University Work/Game Jams/Devtober_2024/GameSmithsDevtober24/Content/StarterContent/Textures/T_Ground_Grass_N.uexp" 2048
"C:/Users/d3mon/Documents/1IMPORTANT/University Work/Game Jams/Devtober_2024/GameSmithsDevtober24/Content/StarterContent/Materials/M_Ground_Grass.uasset" 2049
"C:/Users/d3mon/Documents/1IMPORTANT/University Work/Game Jams/Devtober_2024/GameSmithsDevtober24/Content/StarterContent/Materials/M_Ground_Grass.uexp" 2050
"C:/Users/d3mon/Documents/1IMPORTANT/University Work/Game Jams/Devtober_2024/GameSmithsDevtober24/Content/StarterContent/Audio/Starter_Background_Cue.uasset" 2051
"C:/Users/d3mon/Documents/1IMPORTANT/University Work/Game Jams/Devtober_2024/GameSmithsDevtober24/Content/StarterContent/Audio/Starter_Background_Cue.uexp" 2052
"C:/Users/d3mon/Documents/1IMPORTANT/University Work/Game Jams/Devtober_2024/GameSmithsDevtober24/Content/StarterContent/Maps/StarterMap_BuiltData.ubulk" 2053
"C:/Users/d3mon/Documents/1IMPORTANT/University Work/Game Jams/Devtober_2024/GameSmithsDevtober24/Content/StarterContent/Maps/StarterMap_BuiltData.uasset" 2054
"C:/Users/d3mon/Documents/1IMPORTANT/University Work/Game Jams/Devtober_2024/GameSmithsDevtober24/Content/StarterContent/Maps/StarterMap_BuiltData.uexp" 2055
"C:/Users/d3mon/Documents/1IMPORTANT/University Work/Game Jams/Devtober_2024/GameSmithsDevtober24/Content/StarterContent/Props/SM_CornerFrame.ubulk" 2056
"C:/Users/d3mon/Documents/1IMPORTANT/University Work/Game Jams/Devtober_2024/GameSmithsDevtober24/Content/StarterContent/Props/SM_CornerFrame.uasset" 2057
"C:/Users/d3mon/Documents/1IMPORTANT/University Work/Game Jams/Devtober_2024/GameSmithsDevtober24/Content/StarterContent/Props/SM_CornerFrame.uexp" 2058
"C:/Users/d3mon/Documents/1IMPORTANT/University Work/Game Jams/Devtober_2024/GameSmithsDevtober24/Content/StarterContent/Shapes/Shape_Sphere.ubulk" 2059
"C:/Users/d3mon/Documents/1IMPORTANT/University Work/Game Jams/Devtober_2024/GameSmithsDevtober24/Content/StarterContent/Shapes/Shape_Sphere.uasset" 2060
"C:/Users/d3mon/Documents/1IMPORTANT/University Work/Game Jams/Devtober_2024/GameSmithsDevtober24/Content/StarterContent/Shapes/Shape_Sphere.uexp" 2061
"C:/Users/d3mon/Documents/1IMPORTANT/University Work/Game Jams/Devtober_2024/GameSmithsDevtober24/Content/StarterContent/Audio/Starter_Music_Cue.uasset" 2062
"C:/Users/d3mon/Documents/1IMPORTANT/University Work/Game Jams/Devtober_2024/GameSmithsDevtober24/Content/StarterContent/Audio/Starter_Music_Cue.uexp" 2063
"C:/Users/d3mon/Documents/1IMPORTANT/University Work/Game Jams/Devtober_2024/GameSmithsDevtober24/Content/StarterContent/Shapes/Shape_QuadPyramid.ubulk" 2064
"C:/Users/d3mon/Documents/1IMPORTANT/University Work/Game Jams/Devtober_2024/GameSmithsDevtober24/Content/StarterContent/Shapes/Shape_QuadPyramid.uasset" 2065
"C:/Users/d3mon/Documents/1IMPORTANT/University Work/Game Jams/Devtober_2024/GameSmithsDevtober24/Content/StarterContent/Shapes/Shape_QuadPyramid.uexp" 2066
"C:/Users/d3mon/Documents/1IMPORTANT/University Work/Game Jams/Devtober_2024/GameSmithsDevtober24/Content/StarterContent/Textures/T_Brick_Clay_New_D.ubulk" 2067
"C:/Users/d3mon/Documents/1IMPORTANT/University Work/Game Jams/Devtober_2024/GameSmithsDevtober24/Content/StarterContent/Textures/T_Brick_Clay_New_D.uasset" 2068
"C:/Users/d3mon/Documents/1IMPORTANT/University Work/Game Jams/Devtober_2024/GameSmithsDevtober24/Content/StarterContent/Textures/T_Brick_Clay_New_D.uexp" 2069
"C:/Users/d3mon/Documents/1IMPORTANT/University Work/Game Jams/Devtober_2024/GameSmithsDevtober24/Content/StarterContent/Textures/T_Brick_Clay_New_M.uasset" 2070
"C:/Users/d3mon/Documents/1IMPORTANT/University Work/Game Jams/Devtober_2024/GameSmithsDevtober24/Content/StarterContent/Textures/T_Brick_Clay_New_M.uexp" 2071
"C:/Users/d3mon/Documents/1IMPORTANT/University Work/Game Jams/Devtober_2024/GameSmithsDevtober24/Content/StarterContent/Textures/T_Brick_Clay_New_N.uasset" 2072
"C:/Users/d3mon/Documents/1IMPORTANT/University Work/Game Jams/Devtober_2024/GameSmithsDevtober24/Content/StarterContent/Textures/T_Brick_Clay_New_N.uexp" 2073
"C:/Users/d3mon/Documents/1IMPORTANT/University Work/Game Jams/Devtober_2024/GameSmithsDevtober24/Content/StarterContent/Materials/M_Brick_Clay_New.uasset" 2074
"C:/Users/d3mon/Documents/1IMPORTANT/University Work/Game Jams/Devtober_2024/GameSmithsDevtober24/Content/StarterContent/Materials/M_Brick_Clay_New.uexp" 2075
"C:/Users/d3mon/Documents/1IMPORTANT/University Work/Game Jams/Devtober_2024/GameSmithsDevtober24/Content/StarterContent/Textures/T_Metal_Aluminum_D.ubulk" 2076
"C:/Users/d3mon/Documents/1IMPORTANT/University Work/Game Jams/Devtober_2024/GameSmithsDevtober24/Content/StarterContent/Textures/T_Metal_Aluminum_D.uasset" 2077
"C:/Users/d3mon/Documents/1IMPORTANT/University Work/Game Jams/Devtober_2024/GameSmithsDevtober24/Content/StarterContent/Textures/T_Metal_Aluminum_D.uexp" 2078
"C:/Users/d3mon/Documents/1IMPORTANT/University Work/Game Jams/Devtober_2024/GameSmithsDevtober24/Content/StarterContent/Materials/M_Metal_Burnished_Steel.uasset" 2079
"C:/Users/d3mon/Documents/1IMPORTANT/University Work/Game Jams/Devtober_2024/GameSmithsDevtober24/Content/StarterContent/Materials/M_Metal_Burnished_Steel.uexp" 2080
"C:/Users/d3mon/Documents/1IMPORTANT/University Work/Game Jams/Devtober_2024/GameSmithsDevtober24/Content/StarterContent/Props/SM_Chair.ubulk" 2081
"C:/Users/d3mon/Documents/1IMPORTANT/University Work/Game Jams/Devtober_2024/GameSmithsDevtober24/Content/StarterContent/Props/SM_Chair.uasset" 2082
"C:/Users/d3mon/Documents/1IMPORTANT/University Work/Game Jams/Devtober_2024/GameSmithsDevtober24/Content/StarterContent/Props/SM_Chair.uexp" 2083
"C:/Users/d3mon/Documents/1IMPORTANT/University Work/Game Jams/Devtober_2024/GameSmithsDevtober24/Content/StarterContent/Textures/T_Concrete_Panels_D.ubulk" 2084
"C:/Users/d3mon/Documents/1IMPORTANT/University Work/Game Jams/Devtober_2024/GameSmithsDevtober24/Content/StarterContent/Textures/T_Concrete_Panels_D.uasset" 2085
"C:/Users/d3mon/Documents/1IMPORTANT/University Work/Game Jams/Devtober_2024/GameSmithsDevtober24/Content/StarterContent/Textures/T_Concrete_Panels_D.uexp" 2086
"C:/Users/d3mon/Documents/1IMPORTANT/University Work/Game Jams/Devtober_2024/GameSmithsDevtober24/Content/StarterContent/Textures/T_Concrete_Panels_N.ubulk" 2087
"C:/Users/d3mon/Documents/1IMPORTANT/University Work/Game Jams/Devtober_2024/GameSmithsDevtober24/Content/StarterContent/Textures/T_Concrete_Panels_N.uasset" 2088
"C:/Users/d3mon/Documents/1IMPORTANT/University Work/Game Jams/Devtober_2024/GameSmithsDevtober24/Content/StarterContent/Textures/T_Concrete_Panels_N.uexp" 2089
"C:/Users/d3mon/Documents/1IMPORTANT/University Work/Game Jams/Devtober_2024/GameSmithsDevtober24/Content/StarterContent/Materials/M_Concrete_Panels.uasset" 2090
"C:/Users/d3mon/Documents/1IMPORTANT/University Work/Game Jams/Devtober_2024/GameSmithsDevtober24/Content/StarterContent/Materials/M_Concrete_Panels.uexp" 2091
"C:/Users/d3mon/Documents/1IMPORTANT/University Work/Game Jams/Devtober_2024/GameSmithsDevtober24/Content/StarterContent/Maps/StarterMap.uexp" 2092
"C:/Users/d3mon/Documents/1IMPORTANT/University Work/Game Jams/Devtober_2024/GameSmithsDevtober24/Content/StarterContent/Maps/StarterMap.umap" 2093
"C:/Users/d3mon/Documents/1IMPORTANT/University Work/Game Jams/Devtober_2024/GameSmithsDevtober24/Content/StarterContent/Maps/Minimal_Default_BuiltData.ubulk" 2094
"C:/Users/d3mon/Documents/1IMPORTANT/University Work/Game Jams/Devtober_2024/GameSmithsDevtober24/Content/StarterContent/Maps/Minimal_Default_BuiltData.uasset" 2095
"C:/Users/d3mon/Documents/1IMPORTANT/University Work/Game Jams/Devtober_2024/GameSmithsDevtober24/Content/StarterContent/Maps/Minimal_Default_BuiltData.uexp" 2096
"C:/Users/d3mon/Documents/1IMPORTANT/University Work/Game Jams/Devtober_2024/GameSmithsDevtober24/Content/StarterContent/Maps/Minimal_Default.uexp" 2097
"C:/Users/d3mon/Documents/1IMPORTANT/University Work/Game Jams/Devtober_2024/GameSmithsDevtober24/Content/StarterContent/Maps/Minimal_Default.umap" 2098
"C:/Users/d3mon/Documents/1IMPORTANT/University Work/Game Jams/Devtober_2024/GameSmithsDevtober24/Content/StarterContent/Maps/Advanced_Lighting_BuiltData.ubulk" 2099
"C:/Users/d3mon/Documents/1IMPORTANT/University Work/Game Jams/Devtober_2024/GameSmithsDevtober24/Content/StarterContent/Maps/Advanced_Lighting_BuiltData.uasset" 2100
"C:/Users/d3mon/Documents/1IMPORTANT/University Work/Game Jams/Devtober_2024/GameSmithsDevtober24/Content/StarterContent/Maps/Advanced_Lighting_BuiltData.uexp" 2101
"C:/Users/d3mon/Documents/1IMPORTANT/University Work/Game Jams/Devtober_2024/GameSmithsDevtober24/Content/StarterContent/Materials/M_AssetPlatform.uasset" 2102
"C:/Users/d3mon/Documents/1IMPORTANT/University Work/Game Jams/Devtober_2024/GameSmithsDevtober24/Content/StarterContent/Materials/M_AssetPlatform.uexp" 2103
"C:/Users/d3mon/Documents/1IMPORTANT/University Work/Game Jams/Devtober_2024/GameSmithsDevtober24/Content/StarterContent/Architecture/SM_AssetPlatform.ubulk" 2104
"C:/Users/d3mon/Documents/1IMPORTANT/University Work/Game Jams/Devtober_2024/GameSmithsDevtober24/Content/StarterContent/Architecture/SM_AssetPlatform.uasset" 2105
"C:/Users/d3mon/Documents/1IMPORTANT/University Work/Game Jams/Devtober_2024/GameSmithsDevtober24/Content/StarterContent/Architecture/SM_AssetPlatform.uexp" 2106
"../../../Engine/Content/MapTemplates/Sky/DaylightAmbientCubemap.uasset" 2107
"../../../Engine/Content/MapTemplates/Sky/DaylightAmbientCubemap.uexp" 2108
"C:/Users/d3mon/Documents/1IMPORTANT/University Work/Game Jams/Devtober_2024/GameSmithsDevtober24/Content/StarterContent/Blueprints/Assets/M_LightStage_Skybox_Master.uasset" 2109
"C:/Users/d3mon/Documents/1IMPORTANT/University Work/Game Jams/Devtober_2024/GameSmithsDevtober24/Content/StarterContent/Blueprints/Assets/M_LightStage_Skybox_Master.uexp" 2110
"C:/Users/d3mon/Documents/1IMPORTANT/University Work/Game Jams/Devtober_2024/GameSmithsDevtober24/Content/StarterContent/Blueprints/Assets/M_LightStage_Skybox_HDRI.uasset" 2111
"C:/Users/d3mon/Documents/1IMPORTANT/University Work/Game Jams/Devtober_2024/GameSmithsDevtober24/Content/StarterContent/Blueprints/Assets/M_LightStage_Skybox_HDRI.uexp" 2112
"C:/Users/d3mon/Documents/1IMPORTANT/University Work/Game Jams/Devtober_2024/GameSmithsDevtober24/Content/StarterContent/HDRI/HDRI_Epic_Courtyard_Daylight.uasset" 2113
"C:/Users/d3mon/Documents/1IMPORTANT/University Work/Game Jams/Devtober_2024/GameSmithsDevtober24/Content/StarterContent/HDRI/HDRI_Epic_Courtyard_Daylight.uexp" 2114
"C:/Users/d3mon/Documents/1IMPORTANT/University Work/Game Jams/Devtober_2024/GameSmithsDevtober24/Content/StarterContent/Blueprints/Assets/SunlightColorLUT.uasset" 2115
"C:/Users/d3mon/Documents/1IMPORTANT/University Work/Game Jams/Devtober_2024/GameSmithsDevtober24/Content/StarterContent/Blueprints/Assets/SunlightColorLUT.uexp" 2116
"C:/Users/d3mon/Documents/1IMPORTANT/University Work/Game Jams/Devtober_2024/GameSmithsDevtober24/Content/StarterContent/Blueprints/Assets/M_LightStage_Skybox_Black.uasset" 2117
"C:/Users/d3mon/Documents/1IMPORTANT/University Work/Game Jams/Devtober_2024/GameSmithsDevtober24/Content/StarterContent/Blueprints/Assets/M_LightStage_Skybox_Black.uexp" 2118
"C:/Users/d3mon/Documents/1IMPORTANT/University Work/Game Jams/Devtober_2024/GameSmithsDevtober24/Content/StarterContent/Blueprints/Assets/FogBrightnessLUT.uasset" 2119
"C:/Users/d3mon/Documents/1IMPORTANT/University Work/Game Jams/Devtober_2024/GameSmithsDevtober24/Content/StarterContent/Blueprints/Assets/FogBrightnessLUT.uexp" 2120
"C:/Users/d3mon/Documents/1IMPORTANT/University Work/Game Jams/Devtober_2024/GameSmithsDevtober24/Content/StarterContent/Blueprints/Assets/SM_Arrows.ubulk" 2121
"C:/Users/d3mon/Documents/1IMPORTANT/University Work/Game Jams/Devtober_2024/GameSmithsDevtober24/Content/StarterContent/Blueprints/Assets/SM_Arrows.uasset" 2122
"C:/Users/d3mon/Documents/1IMPORTANT/University Work/Game Jams/Devtober_2024/GameSmithsDevtober24/Content/StarterContent/Blueprints/Assets/SM_Arrows.uexp" 2123
"C:/Users/d3mon/Documents/1IMPORTANT/University Work/Game Jams/Devtober_2024/GameSmithsDevtober24/Content/StarterContent/Blueprints/Assets/M_LightStage_Arrows.uasset" 2124
"C:/Users/d3mon/Documents/1IMPORTANT/University Work/Game Jams/Devtober_2024/GameSmithsDevtober24/Content/StarterContent/Blueprints/Assets/M_LightStage_Arrows.uexp" 2125
"../../../Engine/Content/ArtTools/RenderToTexture/MaterialFunctions/CheckerPattern.uasset" 2126
"../../../Engine/Content/ArtTools/RenderToTexture/MaterialFunctions/CheckerPattern.uexp" 2127
"../../../Engine/Content/Functions/Engine_MaterialFunctions02/ScreenResolution.uasset" 2128
"../../../Engine/Content/Functions/Engine_MaterialFunctions02/ScreenResolution.uexp" 2129
"../../../Engine/Content/Functions/Engine_MaterialFunctions02/Texturing/ScreenAlignedUVs.uasset" 2130
"../../../Engine/Content/Functions/Engine_MaterialFunctions02/Texturing/ScreenAlignedUVs.uexp" 2131
"../../../Engine/Content/EditorMaterials/Thumbnails/SkySphereMaterial.uasset" 2132
"../../../Engine/Content/EditorMaterials/Thumbnails/SkySphereMaterial.uexp" 2133
"C:/Users/d3mon/Documents/1IMPORTANT/University Work/Game Jams/Devtober_2024/GameSmithsDevtober24/Content/StarterContent/Blueprints/Assets/Skybox.ubulk" 2134
"C:/Users/d3mon/Documents/1IMPORTANT/University Work/Game Jams/Devtober_2024/GameSmithsDevtober24/Content/StarterContent/Blueprints/Assets/Skybox.uasset" 2135
"C:/Users/d3mon/Documents/1IMPORTANT/University Work/Game Jams/Devtober_2024/GameSmithsDevtober24/Content/StarterContent/Blueprints/Assets/Skybox.uexp" 2136
"C:/Users/d3mon/Documents/1IMPORTANT/University Work/Game Jams/Devtober_2024/GameSmithsDevtober24/Content/StarterContent/Blueprints/BP_LightStudio.uasset" 2137
"C:/Users/d3mon/Documents/1IMPORTANT/University Work/Game Jams/Devtober_2024/GameSmithsDevtober24/Content/StarterContent/Blueprints/BP_LightStudio.uexp" 2138
"../../../Engine/Content/EditorMeshes/ColorCalibrator/M_GreyBall.uasset" 2139
"../../../Engine/Content/EditorMeshes/ColorCalibrator/M_GreyBall.uexp" 2140
"../../../Engine/Content/EditorMeshes/ColorCalibrator/M_ClearCoat.uasset" 2141
"../../../Engine/Content/EditorMeshes/ColorCalibrator/M_ClearCoat.uexp" 2142
"../../../Engine/Content/EditorMeshes/ColorCalibrator/M_ChromeBall.uasset" 2143
"../../../Engine/Content/EditorMeshes/ColorCalibrator/M_ChromeBall.uexp" 2144
"../../../Engine/Content/EditorMeshes/ColorCalibrator/M_ClearCoatBlack.uasset" 2145
"../../../Engine/Content/EditorMeshes/ColorCalibrator/M_ClearCoatBlack.uexp" 2146
"../../../Engine/Content/EditorMeshes/ColorCalibrator/Color_checker.ubulk" 2147
"../../../Engine/Content/EditorMeshes/ColorCalibrator/Color_checker.uasset" 2148
"../../../Engine/Content/EditorMeshes/ColorCalibrator/Color_checker.uexp" 2149
"../../../Engine/Content/EditorMeshes/ColorCalibrator/M_ColorGrid.uasset" 2150
"../../../Engine/Content/EditorMeshes/ColorCalibrator/M_ColorGrid.uexp" 2151
"../../../Engine/Content/EditorMeshes/ColorCalibrator/SM_ColorCalibrator.ubulk" 2152
"../../../Engine/Content/EditorMeshes/ColorCalibrator/SM_ColorCalibrator.uasset" 2153
"../../../Engine/Content/EditorMeshes/ColorCalibrator/SM_ColorCalibrator.uexp" 2154
"C:/Users/d3mon/Documents/1IMPORTANT/University Work/Game Jams/Devtober_2024/GameSmithsDevtober24/Content/StarterContent/Maps/Advanced_Lighting.uexp" 2155
"C:/Users/d3mon/Documents/1IMPORTANT/University Work/Game Jams/Devtober_2024/GameSmithsDevtober24/Content/StarterContent/Maps/Advanced_Lighting.umap" 2156
"C:/Users/d3mon/Documents/1IMPORTANT/University Work/Game Jams/Devtober_2024/GameSmithsDevtober24/Content/FirstPerson/Input/IMC_Default.uasset" 2157
"C:/Users/d3mon/Documents/1IMPORTANT/University Work/Game Jams/Devtober_2024/GameSmithsDevtober24/Content/FirstPerson/Input/IMC_Default.uexp" 2158
"C:/Users/d3mon/Documents/1IMPORTANT/University Work/Game Jams/Devtober_2024/GameSmithsDevtober24/Content/FirstPerson/Blueprints/BP_FirstPersonPlayerController.uasset" 2159
"C:/Users/d3mon/Documents/1IMPORTANT/University Work/Game Jams/Devtober_2024/GameSmithsDevtober24/Content/FirstPerson/Blueprints/BP_FirstPersonPlayerController.uexp" 2160
"C:/Users/d3mon/Documents/1IMPORTANT/University Work/Game Jams/Devtober_2024/GameSmithsDevtober24/Content/FirstPerson/Blueprints/BP_FirstPersonGameMode.uasset" 2161
"C:/Users/d3mon/Documents/1IMPORTANT/University Work/Game Jams/Devtober_2024/GameSmithsDevtober24/Content/FirstPerson/Blueprints/BP_FirstPersonGameMode.uexp" 2162
"C:/Users/d3mon/Documents/1IMPORTANT/University Work/Game Jams/Devtober_2024/GameSmithsDevtober24/Content/FirstPerson/Maps/FirstPersonMap.uexp" 2163
"C:/Users/d3mon/Documents/1IMPORTANT/University Work/Game Jams/Devtober_2024/GameSmithsDevtober24/Content/FirstPerson/Maps/FirstPersonMap.umap" 2164
